Intervalo de datas,Termo de pesquisa,Identificador da campanha,Nome da campanha,ID do grupo de anúncios,Nome do grupo de anúncios,Segmentação,Tipo de correspondência de segmentação-Targeting match type,ID do portfólio,Nome do portfólio,SKU do produto anunciado-Advertised product SKU,Moeda do orçamento,Impressões,Cliques,CPC,CTR,Custo total,Vendas,ROAS,Compras,Unidades vendidas,Taxa de compra em relação aos cliques
7 de ago. de 2026 - 7 de ago. de 2026,lixeira banheiro com tampa inox,"=""230543495581941""",campanha automatica geral DBA-o311/08,"=""306910018834945""",Campanha automatica geral DBA-o311/08,close-match,TARGETING_EXPRESSION_PREDEFINED,264141269671834,Campanha automatica geral,L2025-T,BRL,1,1,0.54000,100.0000%,0.54,0.00,0.00000,0,0,0.0000%
23 de ago. de 2026 - 23 de ago. de 2026,cesto de lixo chic para lavabo,"=""230543495581941""",campanha automatica geral DBA-o311/08,"=""306910018834945""",Campanha automatica geral DBA-o311/08,loose-match,TARGETING_EXPRESSION_PREDEFINED,264141269671834,Campanha automatica geral,L1623-T,BRL,1,1,0.39000,100.0000%,0.39,0.00,0.00000,0,0,0.0000%
26 de jul. de 2026 - 17 de ago. de 2026,B0CWRXGFWP,"=""54057381293334""",campanha de produto indicado-P3060-o115/07,"=""162752730016997""",campanha de produto indicado-P3060-o115/07,"asin-expanded=""B0CWRXGFWP""",TARGETING_EXPRESSION,146788124202114,campanha de produto indicado,P3060,BRL,7,1,0.74000,14.2857%,0.74,0.00,0.00000,0,0,0.0000%
9 de ago. de 2026 - 10 de ago. de 2026,lixeira basculante 3l,"=""230543495581941""",campanha automatica geral DBA-o311/08,"=""306910018834945""",Campanha automatica geral DBA-o311/08,substitutes,TARGETING_EXPRESSION_PREDEFINED,264141269671834,Campanha automatica geral,L1618-B,BRL,2,1,0.82000,50.0000%,0.82,0.00,0.00000,0,0,0.0000%
25 de jul. de 2026 - 23 de ago. de 2026,porta guarda chuva,"=""230543495581941""",campanha automatica geral DBA-o311/08,"=""306910018834945""",Campanha automatica geral DBA-o311/08,loose-match,TARGETING_EXPRESSION_PREDEFINED,264141269671834,Campanha automatica geral,PG2460,BRL,305,1,0.72000,0.3279%,0.72,0.00,0.00000,0,0,0.0000%
29 de jul. de 2026 - 23 de ago. de 2026,porta guarda chuva,"=""58296046930587""",campanha automática individual- PG3070-o115/07,"=""476720209289154""",campanha automática individual- PG3070-o115/07,substitutes,TARGETING_EXPRESSION_PREDEFINED,1383289894499,campanha automatica individual,PG3070,BRL,74,1,0.75000,1.3514%,0.75,0.00,0.00000,0,0,0.0000%
31 de jul. de 2026 - 1 de ago. de 2026,B0H8FBCPWK,"=""3262494915796""",Campanha de Produto Indicado- P3050-o228/07,"=""113839187289861""",Campanha de Produto Indicado- P3050-o228/07,"asin-expanded=""B0H5CSY3CT""",TARGETING_EXPRESSION,146788124202114,campanha de produto indicado,P3050,BRL,15,1,0.36000,6.6667%,0.36,0.00,0.00000,0,0,0.0000%
5 de ago. de 2026 - 5 de ago. de 2026,lixo 50l,"=""230543495581941""",campanha automatica geral DBA-o311/08,"=""306910018834945""",Campanha automatica geral DBA-o311/08,substitutes,TARGETING_EXPRESSION_PREDEFINED,264141269671834,Campanha automatica geral,L2470-B,BRL,1,1,0.80000,100.0000%,0.80,0.00,0.00000,0,0,0.0000%
1 de ago. de 2026 - 23 de ago. de 2026,lixeira brinox 5l,"=""230543495581941""",campanha automatica geral DBA-o311/08,"=""306910018834945""",Campanha automatica geral DBA-o311/08,loose-match,TARGETING_EXPRESSION_PREDEFINED,264141269671834,Campanha automatica geral,L2025-T,BRL,16,2,0.70000,12.5000%,1.40,0.00,0.00000,0,0,0.0000%
10 de ago. de 2026 - 10 de ago. de 2026,lixeira de aço inox com tampa 5 litros,"=""230543495581941""",campanha automatica geral DBA-o311/08,"=""306910018834945""",Campanha automatica geral DBA-o311/08,close-match,TARGETING_EXPRESSION_PREDEFINED,264141269671834,Campanha automatica geral,L1623-T,BRL,1,1,0.68000,100.0000%,0.68,0.00,0.00000,0,0,0.0000%
1 de ago. de 2026 - 23 de ago. de 2026,lixeira banheiro inox,"=""230543495581941""",campanha automatica geral DBA-o311/08,"=""306910018834945""",Campanha automatica geral DBA-o311/08,loose-match,TARGETING_EXPRESSION_PREDEFINED,264141269671834,Campanha automatica geral,L2025-T,BRL,34,2,0.74000,5.8824%,1.48,0.00,0.00000,0,0,0.0000%
21 de ago. de 2026 - 22 de ago. de 2026,arandela de parede quarto,"=""234950194216241""",campanha automática individual- SP-PP-o116/07,"=""559914515436204""",campanha automática individual- SP-PP16/07,substitutes,TARGETING_EXPRESSION_PREDEFINED,1383289894499,campanha automatica individual,SP-PP,BRL,3,1,0.90000,33.3333%,0.90,0.00,0.00000,0,0,0.0000%
5 de ago. de 2026 - 5 de ago. de 2026,B076PN56DJ,"=""220339920491993""",Campanha de Produto Indicado- L1618-A-o103/07,"=""216344585748751""",Campanha de Produto Indicado- L1618-A-o103/07,"asin-expanded=""B076T9QLJS""",TARGETING_EXPRESSION,146788124202114,campanha de produto indicado,L1618-A,BRL,1,1,0.30000,100.0000%,0.30,0.00,0.00000,0,0,0.0000%
14 de ago. de 2026 - 14 de ago. de 2026,paredes,"=""234950194216241""",campanha automática individual- SP-PP-o116/07,"=""559914515436204""",campanha automática individual- SP-PP16/07,close-match,TARGETING_EXPRESSION_PREDEFINED,1383289894499,campanha automatica individual,SP-PP,BRL,2,1,0.18000,50.0000%,0.18,0.00,0.00000,0,0,0.0000%
20 de ago. de 2026 - 20 de ago. de 2026,lixeira 25l click,"=""230543495581941""",campanha automatica geral DBA-o311/08,"=""306910018834945""",Campanha automatica geral DBA-o311/08,loose-match,TARGETING_EXPRESSION_PREDEFINED,264141269671834,Campanha automatica geral,Q2460-B,BRL,1,1,0.42000,100.0000%,0.42,0.00,0.00000,0,0,0.0000%
25 de jul. de 2026 - 25 de jul. de 2026,B0F924D9HX,"=""51280467188765""",Campanha de Produto Indicado- L2030-B-o311/08,"=""39531632646033""",Campanha de Produto Indicado- L2030-B-o311/08,"asin-expanded=""B0FNRL7TG1""",TARGETING_EXPRESSION,146788124202114,campanha de produto indicado,L2030-B,BRL,1,1,0.79000,100.0000%,0.79,0.00,0.00000,0,0,0.0000%
25 de jul. de 2026 - 23 de ago. de 2026,lixeira 100l,"=""230543495581941""",campanha automatica geral DBA-o311/08,"=""306910018834945""",Campanha automatica geral DBA-o311/08,loose-match,TARGETING_EXPRESSION_PREDEFINED,264141269671834,Campanha automatica geral,L4080-B,BRL,103,1,0.35000,0.9709%,0.35,0.00,0.00000,0,0,0.0000%
5 de ago. de 2026 - 6 de ago. de 2026,B0DZV82N4P,"=""230543495581941""",campanha automatica geral DBA-o311/08,"=""306910018834945""",Campanha automatica geral DBA-o311/08,substitutes,TARGETING_EXPRESSION_PREDEFINED,264141269671834,Campanha automatica geral,L1618-B,BRL,4,1,0.80000,25.0000%,0.80,0.00,0.00000,0,0,0.0000%
2 de ago. de 2026 - 23 de ago. de 2026,lixo de banheiro,"=""230543495581941""",campanha automatica geral DBA-o311/08,"=""306910018834945""",Campanha automatica geral DBA-o311/08,loose-match,TARGETING_EXPRESSION_PREDEFINED,264141269671834,Campanha automatica geral,L2025-T,BRL,14,1,0.75000,7.1429%,0.75,0.00,0.00000,0,0,0.0000%
5 de ago. de 2026 - 22 de ago. de 2026,B0D7JSB8B6,"=""163724971822822""",campanha automática individual- PXM-o228/07,"=""560459911677559""",campanha automática individual- PXM-o228/07,substitutes,TARGETING_EXPRESSION_PREDEFINED,1383289894499,campanha automatica individual,PXM,BRL,27,1,1.98000,3.7037%,1.98,0.00,0.00000,0,0,0.0000%
6 de ago. de 2026 - 23 de ago. de 2026,B076VYNP9W,"=""230543495581941""",campanha automatica geral DBA-o311/08,"=""306910018834945""",Campanha automatica geral DBA-o311/08,substitutes,TARGETING_EXPRESSION_PREDEFINED,264141269671834,Campanha automatica geral,L2025-T,BRL,66,1,0.32000,1.5152%,0.32,0.00,0.00000,0,0,0.0000%
26 de jul. de 2026 - 17 de ago. de 2026,lixo pia cozinha,"=""230543495581941""",campanha automatica geral DBA-o311/08,"=""306910018834945""",Campanha automatica geral DBA-o311/08,loose-match,TARGETING_EXPRESSION_PREDEFINED,264141269671834,Campanha automatica geral,L1618-T,BRL,15,1,0.80000,6.6667%,0.80,0.00,0.00000,0,0,0.0000%
31 de jul. de 2026 - 11 de ago. de 2026,lixeira para cozinha 15 litros,"=""230543495581941""",campanha automatica geral DBA-o311/08,"=""306910018834945""",Campanha automatica geral DBA-o311/08,loose-match,TARGETING_EXPRESSION_PREDEFINED,264141269671834,Campanha automatica geral,L2430-A,BRL,6,1,0.80000,16.6667%,0.80,0.00,0.00000,0,0,0.0000%
28 de jul. de 2026 - 28 de jul. de 2026,B0FNRJBVHJ,"=""253216233355680""",Campanha de Produto Indicado- L2450-AML-o103/07,"=""247012709725757""",Campanha de Produto Indicado- L2450-AML-o103/07,"asin-expanded=""B0C2S3SPZN""",TARGETING_EXPRESSION,146788124202114,campanha de produto indicado,L2450-AML,BRL,1,1,1.06000,100.0000%,1.06,0.00,0.00000,0,0,0.0000%
12 de ago. de 2026 - 12 de ago. de 2026,B0H6KT72NN,"=""230543495581941""",campanha automatica geral DBA-o311/08,"=""306910018834945""",Campanha automatica geral DBA-o311/08,substitutes,TARGETING_EXPRESSION_PREDEFINED,264141269671834,Campanha automatica geral,L2030-B,BRL,1,1,0.50000,100.0000%,0.50,0.00,0.00000,0,0,0.0000%
29 de jul. de 2026 - 23 de ago. de 2026,B0F4SRV3MY,"=""230543495581941""",campanha automatica geral DBA-o311/08,"=""306910018834945""",Campanha automatica geral DBA-o311/08,substitutes,TARGETING_EXPRESSION_PREDEFINED,264141269671834,Campanha automatica geral,P3050,BRL,151,2,0.47000,1.3245%,0.94,0.00,0.00000,0,0,0.0000%
25 de jul. de 2026 - 28 de jul. de 2026,B0G62GC6SB,"=""118770317056339""",Campanha de Produto Indicado- L2470-CZ-o228/07,"=""14733660752446""",Campanha de Produto Indicado- L2470-CZ-o228/07,"asin-expanded=""B0C5JVXL21""",TARGETING_EXPRESSION,146788124202114,campanha de produto indicado,L2470-CZ,BRL,5,1,1.09000,20.0000%,1.09,0.00,0.00000,0,0,0.0000%
18 de ago. de 2026 - 18 de ago. de 2026,lixo escritorio 40 litros inox,"=""230543495581941""",campanha automatica geral DBA-o311/08,"=""306910018834945""",Campanha automatica geral DBA-o311/08,loose-match,TARGETING_EXPRESSION_PREDEFINED,264141269671834,Campanha automatica geral,L3060-A,BRL,5,1,0.52000,20.0000%,0.52,0.00,0.00000,0,0,0.0000%
20 de ago. de 2026 - 20 de ago. de 2026,lixeira 50,"=""204200209630375""",Campanha de Produto Indicado- P3070-o228/07,"=""199631127286200""",Campanha de Produto Indicado- P3070-o228/07,"asin=""B0CYWMQ93Y""",TARGETING_EXPRESSION,146788124202114,campanha de produto indicado,P3070,BRL,1,1,1.00000,100.0000%,1.00,0.00,0.00000,0,0,0.0000%
9 de ago. de 2026 - 9 de ago. de 2026,lixeira quadrada 24 litros,"=""230543495581941""",campanha automatica geral DBA-o311/08,"=""306910018834945""",Campanha automatica geral DBA-o311/08,loose-match,TARGETING_EXPRESSION_PREDEFINED,264141269671834,Campanha automatica geral,Q2460-B,BRL,1,1,0.61000,100.0000%,0.61,0.00,0.00000,0,0,0.0000%
3 de ago. de 2026 - 3 de ago. de 2026,B0FCSTJMVQ,"=""230543495581941""",campanha automatica geral DBA-o311/08,"=""306910018834945""",Campanha automatica geral DBA-o311/08,substitutes,TARGETING_EXPRESSION_PREDEFINED,264141269671834,Campanha automatica geral,L2450-B,BRL,2,1,0.39000,50.0000%,0.39,0.00,0.00000,0,0,0.0000%
25 de jul. de 2026 - 23 de ago. de 2026,lixeira cozinha pia,"=""230543495581941""",campanha automatica geral DBA-o311/08,"=""306910018834945""",Campanha automatica geral DBA-o311/08,loose-match,TARGETING_EXPRESSION_PREDEFINED,264141269671834,Campanha automatica geral,EMB-05P,BRL,17,1,0.77000,5.8824%,0.77,0.00,0.00000,0,0,0.0000%
30 de jul. de 2026 - 31 de jul. de 2026,B0H8FBCPWK,"=""3262494915796""",Campanha de Produto Indicado- P3050-o228/07,"=""113839187289861""",Campanha de Produto Indicado- P3050-o228/07,"asin-expanded=""B0CFG94B8Z""",TARGETING_EXPRESSION,146788124202114,campanha de produto indicado,P3050,BRL,12,1,0.36000,8.3333%,0.36,0.00,0.00000,0,0,0.0000%
29 de jul. de 2026 - 29 de jul. de 2026,lixeira de lavabo dourada,"=""230543495581941""",campanha automatica geral DBA-o311/08,"=""306910018834945""",Campanha automatica geral DBA-o311/08,loose-match,TARGETING_EXPRESSION_PREDEFINED,264141269671834,Campanha automatica geral,L1618-T,BRL,1,1,0.60000,100.0000%,0.60,0.00,0.00000,0,0,0.0000%
26 de jul. de 2026 - 23 de ago. de 2026,B07TXWL7SJ,"=""54057381293334""",campanha de produto indicado-P3060-o115/07,"=""162752730016997""",campanha de produto indicado-P3060-o115/07,"asin-expanded=""B07TXWL7SJ""",TARGETING_EXPRESSION,146788124202114,campanha de produto indicado,P3060,BRL,24,2,0.48500,8.3333%,0.97,0.00,0.00000,0,0,0.0000%
21 de ago. de 2026 - 23 de ago. de 2026,lixeira para banheiro dourado fosco,"=""230543495581941""",campanha automatica geral DBA-o311/08,"=""306910018834945""",Campanha automatica geral DBA-o311/08,loose-match,TARGETING_EXPRESSION_PREDEFINED,264141269671834,Campanha automatica geral,L4060-B,BRL,3,1,0.27000,33.3333%,0.27,0.00,0.00000,0,0,0.0000%
23 de ago. de 2026 - 23 de ago. de 2026,B0H2ZJKTFN,"=""230543495581941""",campanha automatica geral DBA-o311/08,"=""306910018834945""",Campanha automatica geral DBA-o311/08,substitutes,TARGETING_EXPRESSION_PREDEFINED,264141269671834,Campanha automatica geral,L4075-B,BRL,7,1,0.76000,14.2857%,0.76,0.00,0.00000,0,0,0.0000%
5 de ago. de 2026 - 5 de ago. de 2026,lixeira inox tampa brinox,"=""230543495581941""",campanha automatica geral DBA-o311/08,"=""306910018834945""",Campanha automatica geral DBA-o311/08,loose-match,TARGETING_EXPRESSION_PREDEFINED,264141269671834,Campanha automatica geral,L1618-T,BRL,1,1,0.67000,100.0000%,0.67,0.00,0.00000,0,0,0.0000%
20 de ago. de 2026 - 23 de ago. de 2026,protetor de quina de parede,"=""234950194216241""",campanha automática individual- SP-PP-o116/07,"=""559914515436204""",campanha automática individual- SP-PP16/07,substitutes,TARGETING_EXPRESSION_PREDEFINED,1383289894499,campanha automatica individual,SP-PP,BRL,8,1,1.32000,12.5000%,1.32,0.00,0.00000,0,0,0.0000%
25 de jul. de 2026 - 23 de ago. de 2026,lixeira inox 10l,"=""230543495581941""",campanha automatica geral DBA-o311/08,"=""306910018834945""",Campanha automatica geral DBA-o311/08,loose-match,TARGETING_EXPRESSION_PREDEFINED,264141269671834,Campanha automatica geral,L2030-A,BRL,37,1,0.63000,2.7027%,0.63,0.00,0.00000,0,0,0.0000%
16 de ago. de 2026 - 16 de ago. de 2026,suporte porta extintor aço inox redondo,"=""60867425277707""",campanha automática inidividual- PXP-o311/08,"=""374068040998928""",campanha automática inidividual- PXP-o311/08,close-match,TARGETING_EXPRESSION_PREDEFINED,1383289894499,campanha automatica individual,PXP,BRL,1,1,0.10000,100.0000%,0.10,0.00,0.00000,0,0,0.0000%
9 de ago. de 2026 - 9 de ago. de 2026,lixeira inox banheiro com tampa,"=""230543495581941""",campanha automatica geral DBA-o311/08,"=""306910018834945""",Campanha automatica geral DBA-o311/08,close-match,TARGETING_EXPRESSION_PREDEFINED,264141269671834,Campanha automatica geral,L2025-T,BRL,1,1,0.64000,100.0000%,0.64,0.00,0.00000,0,0,0.0000%
26 de jul. de 2026 - 26 de jul. de 2026,B0DTJ6DNV7,"=""204200209630375""",Campanha de Produto Indicado- P3070-o228/07,"=""199631127286200""",Campanha de Produto Indicado- P3070-o228/07,"asin-expanded=""B08HJR5TDG""",TARGETING_EXPRESSION,146788124202114,campanha de produto indicado,P3070,BRL,1,1,1.10000,100.0000%,1.10,0.00,0.00000,0,0,0.0000%
1 de ago. de 2026 - 23 de ago. de 2026,lixeira inox 5l,"=""230543495581941""",campanha automatica geral DBA-o311/08,"=""306910018834945""",Campanha automatica geral DBA-o311/08,loose-match,TARGETING_EXPRESSION_PREDEFINED,264141269671834,Campanha automatica geral,L2025-T,BRL,40,2,0.39500,5.0000%,0.79,0.00,0.00000,0,0,0.0000%
9 de ago. de 2026 - 22 de ago. de 2026,lixeira inox redonda,"=""230543495581941""",campanha automatica geral DBA-o311/08,"=""306910018834945""",Campanha automatica geral DBA-o311/08,loose-match,TARGETING_EXPRESSION_PREDEFINED,264141269671834,Campanha automatica geral,L2425-B,BRL,1,1,0.76000,100.0000%,0.76,0.00,0.00000,0,0,0.0000%
27 de jul. de 2026 - 27 de jul. de 2026,B0F4SRV3MY,"=""253216233355680""",Campanha de Produto Indicado- L2450-AML-o103/07,"=""247012709725757""",Campanha de Produto Indicado- L2450-AML-o103/07,"asin-expanded=""B07P6Y41SL""",TARGETING_EXPRESSION,146788124202114,campanha de produto indicado,L2450-AML,BRL,1,1,0.56000,100.0000%,0.56,0.00,0.00000,0,0,0.0000%
26 de jul. de 2026 - 23 de ago. de 2026,B09YDLC69D,"=""204200209630375""",Campanha de Produto Indicado- P3070-o228/07,"=""199631127286200""",Campanha de Produto Indicado- P3070-o228/07,"asin-expanded=""B09YDLC69D""",TARGETING_EXPRESSION,146788124202114,campanha de produto indicado,P3070,BRL,194,1,0.68000,0.5155%,0.68,0.00,0.00000,0,0,0.0000%
3 de ago. de 2026 - 5 de ago. de 2026,B0F8PCRT9J,"=""204200209630375""",Campanha de Produto Indicado- P3070-o228/07,"=""199631127286200""",Campanha de Produto Indicado- P3070-o228/07,"asin-expanded=""B0778TD2LY""",TARGETING_EXPRESSION,146788124202114,campanha de produto indicado,P3070,BRL,7,1,1.05000,14.2857%,1.05,0.00,0.00000,0,0,0.0000%
19 de ago. de 2026 - 23 de ago. de 2026,papel de parede,"=""234950194216241""",campanha automática individual- SP-PP-o116/07,"=""559914515436204""",campanha automática individual- SP-PP16/07,substitutes,TARGETING_EXPRESSION_PREDEFINED,1383289894499,campanha automatica individual,SP-PP,BRL,1558,1,0.82000,0.0642%,0.82,0.00,0.00000,0,0,0.0000%
26 de jul. de 2026 - 27 de jul. de 2026,lixeira bancada cozinha,"=""125746095085649""",Campanha de Palavra-Chave- L1618-T-o103/07,"=""256552842658121""",Campanha de Palavra-Chave- L1618-T-o103/07,lixeira para bancada,PHRASE,178029480993742,campanha de palavra chave,L1618-T,BRL,10,1,0.72000,10.0000%,0.72,0.00,0.00000,0,0,0.0000%
3 de ago. de 2026 - 20 de ago. de 2026,lixeira grande 30l,"=""230543495581941""",campanha automatica geral DBA-o311/08,"=""306910018834945""",Campanha automatica geral DBA-o311/08,loose-match,TARGETING_EXPRESSION_PREDEFINED,264141269671834,Campanha automatica geral,L3040-B,BRL,9,3,0.42333,33.3333%,1.27,0.00,0.00000,0,0,0.0000%
25 de jul. de 2026 - 8 de ago. de 2026,B0F4SRV3MY,"=""100493751446075""",Campanha de Produto Indicado- L1618-T-o103/07,"=""78690051619891""",Campanha de Produto Indicado- L1618-T-o103/07,"asin-expanded=""B0F4SRV3MY""",TARGETING_EXPRESSION,146788124202114,campanha de produto indicado,L1618-T,BRL,16,2,1.00000,12.5000%,2.00,0.00,0.00000,0,0,0.0000%
29 de jul. de 2026 - 30 de jul. de 2026,B0F4T417RF,"=""220339920491993""",Campanha de Produto Indicado- L1618-A-o103/07,"=""216344585748751""",Campanha de Produto Indicado- L1618-A-o103/07,"asin-expanded=""B0F4T417RF""",TARGETING_EXPRESSION,146788124202114,campanha de produto indicado,L1618-A,BRL,3,1,0.20000,33.3333%,0.20,0.00,0.00000,0,0,0.0000%
26 de jul. de 2026 - 29 de jul. de 2026,B076PKS5GL,"=""51280467188765""",Campanha de Produto Indicado- L2030-B-o311/08,"=""39531632646033""",Campanha de Produto Indicado- L2030-B-o311/08,"asin-expanded=""B076PKS5GL""",TARGETING_EXPRESSION,146788124202114,campanha de produto indicado,L2030-B,BRL,2,1,0.82000,50.0000%,0.82,0.00,0.00000,0,0,0.0000%
4 de ago. de 2026 - 8 de ago. de 2026,B0GL7VTG6Q,"=""230543495581941""",campanha automatica geral DBA-o311/08,"=""306910018834945""",Campanha automatica geral DBA-o311/08,substitutes,TARGETING_EXPRESSION_PREDEFINED,264141269671834,Campanha automatica geral,L2470-B,BRL,5,1,0.72000,20.0000%,0.72,0.00,0.00000,0,0,0.0000%
28 de jul. de 2026 - 19 de ago. de 2026,B0H1YB94WJ,"=""163724971822822""",campanha automática individual- PXM-o228/07,"=""560459911677559""",campanha automática individual- PXM-o228/07,substitutes,TARGETING_EXPRESSION_PREDEFINED,1383289894499,campanha automatica individual,PXM,BRL,13,1,1.22000,7.6923%,1.22,0.00,0.00000,0,0,0.0000%
25 de jul. de 2026 - 23 de ago. de 2026,lixeira 40 litros,"=""230543495581941""",campanha automatica geral DBA-o311/08,"=""306910018834945""",Campanha automatica geral DBA-o311/08,loose-match,TARGETING_EXPRESSION_PREDEFINED,264141269671834,Campanha automatica geral,L3060-A,BRL,88,1,1.07000,1.1364%,1.07,0.00,0.00000,0,0,0.0000%
3 de ago. de 2026 - 3 de ago. de 2026,lixeira 3 litros basculante inox,"=""230543495581941""",campanha automatica geral DBA-o311/08,"=""306910018834945""",Campanha automatica geral DBA-o311/08,close-match,TARGETING_EXPRESSION_PREDEFINED,264141269671834,Campanha automatica geral,L1618-B,BRL,1,1,0.87000,100.0000%,0.87,0.00,0.00000,0,0,0.0000%
25 de jul. de 2026 - 25 de jul. de 2026,lixo de banheiro,"=""230543495581941""",campanha automatica geral DBA-o311/08,"=""306910018834945""",Campanha automatica geral DBA-o311/08,loose-match,TARGETING_EXPRESSION_PREDEFINED,264141269671834,Campanha automatica geral,L1618-T,BRL,1,1,0.67000,100.0000%,0.67,0.00,0.00000,0,0,0.0000%
5 de ago. de 2026 - 5 de ago. de 2026,B0C5RT2N65,"=""230543495581941""",campanha automatica geral DBA-o311/08,"=""306910018834945""",Campanha automatica geral DBA-o311/08,substitutes,TARGETING_EXPRESSION_PREDEFINED,264141269671834,Campanha automatica geral,L1623-B,BRL,1,1,0.64000,100.0000%,0.64,0.00,0.00000,0,0,0.0000%
14 de ago. de 2026 - 15 de ago. de 2026,lixeira banheiro tramontina,"=""230543495581941""",campanha automatica geral DBA-o311/08,"=""306910018834945""",Campanha automatica geral DBA-o311/08,substitutes,TARGETING_EXPRESSION_PREDEFINED,264141269671834,Campanha automatica geral,L2025-T,BRL,2,1,0.77000,50.0000%,0.77,0.00,0.00000,0,0,0.0000%
13 de ago. de 2026 - 13 de ago. de 2026,lixeira para escritório,"=""157934729939405""",Campanha automática inidividual- L1618-o115/07,"=""285629207112751""",campanha automática inidividual- L1618-A-o115/07,close-match,TARGETING_EXPRESSION_PREDEFINED,1383289894499,campanha automatica individual,L1618-A,BRL,1,1,0.48000,100.0000%,0.48,0.00,0.00000,0,0,0.0000%
13 de ago. de 2026 - 19 de ago. de 2026,B0FMZVQPJ7,"=""230543495581941""",campanha automatica geral DBA-o311/08,"=""306910018834945""",Campanha automatica geral DBA-o311/08,substitutes,TARGETING_EXPRESSION_PREDEFINED,264141269671834,Campanha automatica geral,L2470-B,BRL,15,1,0.54000,6.6667%,0.54,0.00,0.00000,0,0,0.0000%
25 de jul. de 2026 - 26 de jul. de 2026,lixeira cozinha 20 litros,"=""253216233355680""",Campanha de Produto Indicado- L2450-AML-o103/07,"=""247012709725757""",Campanha de Produto Indicado- L2450-AML-o103/07,"asin-expanded=""B0GR21DJC2""",TARGETING_EXPRESSION,146788124202114,campanha de produto indicado,L2450-AML,BRL,7,1,1.37000,14.2857%,1.37,0.00,0.00000,0,0,0.0000%
25 de jul. de 2026 - 29 de jul. de 2026,B0H8FBCPWK,"=""6383857296458""",campanha automática individual- P3050-o102/07,"=""383083034260814""",campanha automática individual- P3050,substitutes,TARGETING_EXPRESSION_PREDEFINED,1383289894499,campanha automatica individual,P3050,BRL,222,1,0.41000,0.4505%,0.41,0.00,0.00000,0,0,0.0000%
28 de jul. de 2026 - 23 de ago. de 2026,lixeira pedal 100 litros,"=""230543495581941""",campanha automatica geral DBA-o311/08,"=""306910018834945""",Campanha automatica geral DBA-o311/08,loose-match,TARGETING_EXPRESSION_PREDEFINED,264141269671834,Campanha automatica geral,P4080ALC,BRL,3,1,0.46000,33.3333%,0.46,0.00,0.00000,0,0,0.0000%
25 de jul. de 2026 - 28 de jul. de 2026,B0F4SRV3MY,"=""145964185460140""",campanha automática individual- P3070-o116/07,"=""429470627552062""",campanha automática individual- P3070-o116/07,substitutes,TARGETING_EXPRESSION_PREDEFINED,1383289894499,campanha automatica individual,P3070,BRL,53,3,0.57333,5.6604%,1.72,0.00,0.00000,0,0,0.0000%
30 de jul. de 2026 - 4 de ago. de 2026,lixeira escritorio,"=""230543495581941""",campanha automatica geral DBA-o311/08,"=""306910018834945""",Campanha automatica geral DBA-o311/08,close-match,TARGETING_EXPRESSION_PREDEFINED,264141269671834,Campanha automatica geral,L2025-A,BRL,2,1,0.51000,50.0000%,0.51,0.00,0.00000,0,0,0.0000%
25 de jul. de 2026 - 23 de ago. de 2026,B0CYWMQ93Y,"=""3262494915796""",Campanha de Produto Indicado- P3050-o228/07,"=""113839187289861""",Campanha de Produto Indicado- P3050-o228/07,"asin-expanded=""B0CYWMQ93Y""",TARGETING_EXPRESSION,146788124202114,campanha de produto indicado,P3050,BRL,185,4,0.82500,2.1622%,3.30,0.00,0.00000,0,0,0.0000%
3 de ago. de 2026 - 12 de ago. de 2026,lixeira inox 100 litros com pedal,"=""230543495581941""",campanha automatica geral DBA-o311/08,"=""306910018834945""",Campanha automatica geral DBA-o311/08,loose-match,TARGETING_EXPRESSION_PREDEFINED,264141269671834,Campanha automatica geral,P4080,BRL,4,1,0.10000,25.0000%,0.10,0.00,0.00000,0,0,0.0000%
25 de jul. de 2026 - 29 de jul. de 2026,lixeira cozinha,"=""6383857296458""",campanha automática individual- P3050-o102/07,"=""383083034260814""",campanha automática individual- P3050,close-match,TARGETING_EXPRESSION_PREDEFINED,1383289894499,campanha automatica individual,P3050,BRL,30,1,1.00000,3.3333%,1.00,0.00,0.00000,0,0,0.0000%
9 de ago. de 2026 - 17 de ago. de 2026,lixeira inox redonda,"=""230543495581941""",campanha automatica geral DBA-o311/08,"=""306910018834945""",Campanha automatica geral DBA-o311/08,loose-match,TARGETING_EXPRESSION_PREDEFINED,264141269671834,Campanha automatica geral,L2025-B,BRL,2,1,0.72000,50.0000%,0.72,0.00,0.00000,0,0,0.0000%
25 de jul. de 2026 - 29 de jul. de 2026,cinzeiro,"=""227010809046493""",campanha automática individual- L2470-CZ-o102/07,"=""481100214225083""",campanha automática individual- L2470-CZ-o102/07,close-match,TARGETING_EXPRESSION_PREDEFINED,1383289894499,campanha automatica individual,L2470-CZ,BRL,104,1,1.89000,0.9615%,1.89,0.00,0.00000,0,0,0.0000%
25 de jul. de 2026 - 23 de ago. de 2026,lixeira 30l,"=""230543495581941""",campanha automatica geral DBA-o311/08,"=""306910018834945""",Campanha automatica geral DBA-o311/08,loose-match,TARGETING_EXPRESSION_PREDEFINED,264141269671834,Campanha automatica geral,Q2460-B,BRL,69,2,0.73000,2.8986%,1.46,0.00,0.00000,0,0,0.0000%
27 de jul. de 2026 - 23 de ago. de 2026,lixeira inox 50 litros com pedal,"=""230543495581941""",campanha automatica geral DBA-o311/08,"=""306910018834945""",Campanha automatica geral DBA-o311/08,loose-match,TARGETING_EXPRESSION_PREDEFINED,264141269671834,Campanha automatica geral,P3060,BRL,60,1,0.09000,1.6667%,0.09,0.00,0.00000,0,0,0.0000%
8 de ago. de 2026 - 8 de ago. de 2026,B0F1Q7KW89,"=""230543495581941""",campanha automatica geral DBA-o311/08,"=""306910018834945""",Campanha automatica geral DBA-o311/08,substitutes,TARGETING_EXPRESSION_PREDEFINED,264141269671834,Campanha automatica geral,EMB-08,BRL,1,1,0.79000,100.0000%,0.79,0.00,0.00000,0,0,0.0000%
13 de ago. de 2026 - 14 de ago. de 2026,bituqueira,"=""28062808738738""",campanha automática individual- SP-01-o116/07,"=""363447608352999""",campanha automática individual- SP-01-o116/07,loose-match,TARGETING_EXPRESSION_PREDEFINED,1383289894499,campanha automatica individual,SP-01,BRL,3,1,0.65000,33.3333%,0.65,0.00,0.00000,0,0,0.0000%
5 de ago. de 2026 - 9 de ago. de 2026,lixeira grande,"=""230543495581941""",campanha automatica geral DBA-o311/08,"=""306910018834945""",Campanha automatica geral DBA-o311/08,loose-match,TARGETING_EXPRESSION_PREDEFINED,264141269671834,Campanha automatica geral,Q3060-A,BRL,4,1,0.80000,25.0000%,0.80,0.00,0.00000,0,0,0.0000%
19 de ago. de 2026 - 20 de ago. de 2026,lixo de banheiro inox,"=""230543495581941""",campanha automatica geral DBA-o311/08,"=""306910018834945""",Campanha automatica geral DBA-o311/08,loose-match,TARGETING_EXPRESSION_PREDEFINED,264141269671834,Campanha automatica geral,L2025-T,BRL,3,1,0.38000,33.3333%,0.38,0.00,0.00000,0,0,0.0000%
30 de jul. de 2026 - 12 de ago. de 2026,lixeira 3l,"=""230543495581941""",campanha automatica geral DBA-o311/08,"=""306910018834945""",Campanha automatica geral DBA-o311/08,loose-match,TARGETING_EXPRESSION_PREDEFINED,264141269671834,Campanha automatica geral,L1618-T,BRL,2,1,0.55000,50.0000%,0.55,0.00,0.00000,0,0,0.0000%
19 de ago. de 2026 - 23 de ago. de 2026,leque grande de parede,"=""234950194216241""",campanha automática individual- SP-PP-o116/07,"=""559914515436204""",campanha automática individual- SP-PP16/07,substitutes,TARGETING_EXPRESSION_PREDEFINED,1383289894499,campanha automatica individual,SP-PP,BRL,59,1,0.59000,1.6949%,0.59,0.00,0.00000,0,0,0.0000%
2 de ago. de 2026 - 5 de ago. de 2026,basculante,"=""230543495581941""",campanha automatica geral DBA-o311/08,"=""306910018834945""",Campanha automatica geral DBA-o311/08,close-match,TARGETING_EXPRESSION_PREDEFINED,264141269671834,Campanha automatica geral,Q2430-B,BRL,6,1,0.24000,16.6667%,0.24,0.00,0.00000,0,0,0.0000%
27 de jul. de 2026 - 17 de ago. de 2026,B0H5CYQBP5,"=""230543495581941""",campanha automatica geral DBA-o311/08,"=""306910018834945""",Campanha automatica geral DBA-o311/08,substitutes,TARGETING_EXPRESSION_PREDEFINED,264141269671834,Campanha automatica geral,P3060,BRL,159,1,0.27000,0.6289%,0.27,0.00,0.00000,0,0,0.0000%
25 de jul. de 2026 - 23 de ago. de 2026,lixeira 100l,"=""230543495581941""",campanha automatica geral DBA-o311/08,"=""306910018834945""",Campanha automatica geral DBA-o311/08,loose-match,TARGETING_EXPRESSION_PREDEFINED,264141269671834,Campanha automatica geral,L4080-A,BRL,103,3,0.45333,2.9126%,1.36,0.00,0.00000,0,0,0.0000%
1 de ago. de 2026 - 12 de ago. de 2026,lixeira inox para pia de cozinha,"=""230543495581941""",campanha automatica geral DBA-o311/08,"=""306910018834945""",Campanha automatica geral DBA-o311/08,loose-match,TARGETING_EXPRESSION_PREDEFINED,264141269671834,Campanha automatica geral,L2025,BRL,6,1,0.80000,16.6667%,0.80,0.00,0.00000,0,0,0.0000%
23 de ago. de 2026 - 23 de ago. de 2026,lixeira resistente e com pedal 40l preta,"=""230543495581941""",campanha automatica geral DBA-o311/08,"=""306910018834945""",Campanha automatica geral DBA-o311/08,loose-match,TARGETING_EXPRESSION_PREDEFINED,264141269671834,Campanha automatica geral,P3050,BRL,1,1,0.41000,100.0000%,0.41,0.00,0.00000,0,0,0.0000%
4 de ago. de 2026 - 9 de ago. de 2026,porta guarda chuva,"=""230543495581941""",campanha automatica geral DBA-o311/08,"=""306910018834945""",Campanha automatica geral DBA-o311/08,substitutes,TARGETING_EXPRESSION_PREDEFINED,264141269671834,Campanha automatica geral,EGC,BRL,5,1,0.72000,20.0000%,0.72,0.00,0.00000,0,0,0.0000%
10 de ago. de 2026 - 10 de ago. de 2026,lixeira basculante banheiro 7 litros,"=""230543495581941""",campanha automatica geral DBA-o311/08,"=""306910018834945""",Campanha automatica geral DBA-o311/08,loose-match,TARGETING_EXPRESSION_PREDEFINED,264141269671834,Campanha automatica geral,L2025-B,BRL,1,1,0.80000,100.0000%,0.80,0.00,0.00000,0,0,0.0000%
26 de jul. de 2026 - 22 de ago. de 2026,B0CWDJL87P,"=""3262494915796""",Campanha de Produto Indicado- P3050-o228/07,"=""113839187289861""",Campanha de Produto Indicado- P3050-o228/07,"asin-expanded=""B0CWDJL87P""",TARGETING_EXPRESSION,146788124202114,campanha de produto indicado,P3050,BRL,5,1,1.10000,20.0000%,1.10,0.00,0.00000,0,0,0.0000%
31 de jul. de 2026 - 21 de ago. de 2026,lixeira 50 litros com pedal,"=""3262494915796""",Campanha de Produto Indicado- P3050-o228/07,"=""113839187289861""",Campanha de Produto Indicado- P3050-o228/07,"asin-expanded=""B0CYWMQ93Y""",TARGETING_EXPRESSION,146788124202114,campanha de produto indicado,P3050,BRL,6,1,0.68000,16.6667%,0.68,0.00,0.00000,0,0,0.0000%
4 de ago. de 2026 - 23 de ago. de 2026,B08CCJD9S3,"=""230543495581941""",campanha automatica geral DBA-o311/08,"=""306910018834945""",Campanha automatica geral DBA-o311/08,substitutes,TARGETING_EXPRESSION_PREDEFINED,264141269671834,Campanha automatica geral,L1618-T,BRL,17,1,0.80000,5.8824%,0.80,0.00,0.00000,0,0,0.0000%
26 de jul. de 2026 - 31 de jul. de 2026,B0H37KRPHM,"=""220339920491993""",Campanha de Produto Indicado- L1618-A-o103/07,"=""216344585748751""",Campanha de Produto Indicado- L1618-A-o103/07,"asin-expanded=""B08CCJD9S3""",TARGETING_EXPRESSION,146788124202114,campanha de produto indicado,L1618-A,BRL,6,1,0.58000,16.6667%,0.58,0.00,0.00000,0,0,0.0000%
27 de jul. de 2026 - 27 de jul. de 2026,lixeira quadrada cozinha 30 litros,"=""230543495581941""",campanha automatica geral DBA-o311/08,"=""306910018834945""",Campanha automatica geral DBA-o311/08,loose-match,TARGETING_EXPRESSION_PREDEFINED,264141269671834,Campanha automatica geral,Q2460-B,BRL,1,1,0.41000,100.0000%,0.41,0.00,0.00000,0,0,0.0000%
25 de jul. de 2026 - 29 de jul. de 2026,cinzeiro,"=""205120134950364""",campanha automática individual- L2450--CZ-o116/07,"=""287801109555762""",campanha automática individual- L2450--CZ-o116/07,substitutes,TARGETING_EXPRESSION_PREDEFINED,1383289894499,campanha automatica individual,L2450--CZ,BRL,153,1,0.93000,0.6536%,0.93,0.00,0.00000,0,0,0.0000%
25 de jul. de 2026 - 10 de ago. de 2026,lixeira basculante inox,"=""245513710362262""",Campanha de Palavra-Chave- L2030-B-o103/07,"=""7667999543220""",Campanha de Palavra-Chave- L2030-B-o103/07,lixeira basculante inox,PHRASE,178029480993742,campanha de palavra chave,L2030-B,BRL,9,1,0.87000,11.1111%,0.87,0.00,0.00000,0,0,0.0000%
3 de ago. de 2026 - 14 de ago. de 2026,lixeira de 40 litros,"=""230543495581941""",campanha automatica geral DBA-o311/08,"=""306910018834945""",Campanha automatica geral DBA-o311/08,loose-match,TARGETING_EXPRESSION_PREDEFINED,264141269671834,Campanha automatica geral,L3060-A,BRL,3,1,0.61000,33.3333%,0.61,0.00,0.00000,0,0,0.0000%
9 de ago. de 2026 - 23 de ago. de 2026,B0C5JXVDRV,"=""230543495581941""",campanha automatica geral DBA-o311/08,"=""306910018834945""",Campanha automatica geral DBA-o311/08,substitutes,TARGETING_EXPRESSION_PREDEFINED,264141269671834,Campanha automatica geral,L1618-T,BRL,2,1,0.80000,50.0000%,0.80,0.00,0.00000,0,0,0.0000%
25 de jul. de 2026 - 23 de ago. de 2026,lixeira inox 40l,"=""230543495581941""",campanha automatica geral DBA-o311/08,"=""306910018834945""",Campanha automatica geral DBA-o311/08,loose-match,TARGETING_EXPRESSION_PREDEFINED,264141269671834,Campanha automatica geral,P3050ALC,BRL,28,1,0.80000,3.5714%,0.80,0.00,0.00000,0,0,0.0000%
30 de jul. de 2026 - 3 de ago. de 2026,B0FPBSJYKD,"=""204200209630375""",Campanha de Produto Indicado- P3070-o228/07,"=""199631127286200""",Campanha de Produto Indicado- P3070-o228/07,"asin-expanded=""B0C5N9HQJM""",TARGETING_EXPRESSION,146788124202114,campanha de produto indicado,P3070,BRL,5,1,1.09000,20.0000%,1.09,0.00,0.00000,0,0,0.0000%
25 de jul. de 2026 - 5 de ago. de 2026,B0H1R2YKYX,"=""108685489444736""",campanha automática individual- SP-FF-o116/07,"=""424840713357077""",campanha automática individual- SP-FF-o116/07,substitutes,TARGETING_EXPRESSION_PREDEFINED,1383289894499,campanha automatica individual,SP-FF,BRL,275,1,0.71000,0.3636%,0.71,0.00,0.00000,0,0,0.0000%
4 de ago. de 2026 - 23 de ago. de 2026,B0CTMZHJFJ,"=""230543495581941""",campanha automatica geral DBA-o311/08,"=""306910018834945""",Campanha automatica geral DBA-o311/08,substitutes,TARGETING_EXPRESSION_PREDEFINED,264141269671834,Campanha automatica geral,P3070,BRL,15,1,0.80000,6.6667%,0.80,0.00,0.00000,0,0,0.0000%
31 de jul. de 2026 - 31 de jul. de 2026,B0BHMZBZW9,"=""54057381293334""",campanha de produto indicado-P3060-o115/07,"=""162752730016997""",campanha de produto indicado-P3060-o115/07,"asin-expanded=""B0CWRXGFWP""",TARGETING_EXPRESSION,146788124202114,campanha de produto indicado,P3060,BRL,5,1,0.32000,20.0000%,0.32,0.00,0.00000,0,0,0.0000%
2 de ago. de 2026 - 9 de ago. de 2026,lixeira retro 30 litros,"=""230543495581941""",campanha automatica geral DBA-o311/08,"=""306910018834945""",Campanha automatica geral DBA-o311/08,loose-match,TARGETING_EXPRESSION_PREDEFINED,264141269671834,Campanha automatica geral,Q2460-B,BRL,1,1,0.59000,100.0000%,0.59,0.00,0.00000,0,0,0.0000%
5 de ago. de 2026 - 5 de ago. de 2026,lixeira grande,"=""230543495581941""",campanha automatica geral DBA-o311/08,"=""306910018834945""",Campanha automatica geral DBA-o311/08,loose-match,TARGETING_EXPRESSION_PREDEFINED,264141269671834,Campanha automatica geral,P3060ALC,BRL,2,1,0.80000,50.0000%,0.80,0.00,0.00000,0,0,0.0000%
4 de ago. de 2026 - 4 de ago. de 2026,B0GCL2GJRC,"=""204200209630375""",Campanha de Produto Indicado- P3070-o228/07,"=""199631127286200""",Campanha de Produto Indicado- P3070-o228/07,"asin-expanded=""B077KD9G7K""",TARGETING_EXPRESSION,146788124202114,campanha de produto indicado,P3070,BRL,1,1,1.09000,100.0000%,1.09,0.00,0.00000,0,0,0.0000%
6 de ago. de 2026 - 6 de ago. de 2026,B0GWSBCT3M,"=""204200209630375""",Campanha de Produto Indicado- P3070-o228/07,"=""199631127286200""",Campanha de Produto Indicado- P3070-o228/07,"asin-expanded=""B086DG9V24""",TARGETING_EXPRESSION,146788124202114,campanha de produto indicado,P3070,BRL,3,1,0.93000,33.3333%,0.93,0.00,0.00000,0,0,0.0000%
5 de ago. de 2026 - 5 de ago. de 2026,lixeira inox basculante grande,"=""230543495581941""",campanha automatica geral DBA-o311/08,"=""306910018834945""",Campanha automatica geral DBA-o311/08,loose-match,TARGETING_EXPRESSION_PREDEFINED,264141269671834,Campanha automatica geral,L2030,BRL,1,1,0.68000,100.0000%,0.68,0.00,0.00000,0,0,0.0000%
25 de jul. de 2026 - 28 de jul. de 2026,lixeira inox 50l,"=""145964185460140""",campanha automática individual- P3070-o116/07,"=""429470627552062""",campanha automática individual- P3070-o116/07,substitutes,TARGETING_EXPRESSION_PREDEFINED,1383289894499,campanha automatica individual,P3070,BRL,12,1,0.94000,8.3333%,0.94,0.00,0.00000,0,0,0.0000%
8 de ago. de 2026 - 16 de ago. de 2026,lixeira inox 3 litros,"=""157934729939405""",Campanha automática inidividual- L1618-o115/07,"=""285629207112751""",campanha automática inidividual- L1618-A-o115/07,close-match,TARGETING_EXPRESSION_PREDEFINED,1383289894499,campanha automatica individual,L1618-A,BRL,2,1,0.47000,50.0000%,0.47,0.00,0.00000,0,0,0.0000%
19 de ago. de 2026 - 19 de ago. de 2026,lixeira basculante bege,"=""230543495581941""",campanha automatica geral DBA-o311/08,"=""306910018834945""",Campanha automatica geral DBA-o311/08,loose-match,TARGETING_EXPRESSION_PREDEFINED,264141269671834,Campanha automatica geral,Q2460-B,BRL,1,1,0.38000,100.0000%,0.38,0.00,0.00000,0,0,0.0000%
29 de jul. de 2026 - 23 de ago. de 2026,lixo e reciclagem,"=""230543495581941""",campanha automatica geral DBA-o311/08,"=""306910018834945""",Campanha automatica geral DBA-o311/08,loose-match,TARGETING_EXPRESSION_PREDEFINED,264141269671834,Campanha automatica geral,P3070,BRL,7,1,0.25000,14.2857%,0.25,0.00,0.00000,0,0,0.0000%
4 de ago. de 2026 - 23 de ago. de 2026,lixeira grande,"=""230543495581941""",campanha automatica geral DBA-o311/08,"=""306910018834945""",Campanha automatica geral DBA-o311/08,substitutes,TARGETING_EXPRESSION_PREDEFINED,264141269671834,Campanha automatica geral,L2425-AML,BRL,9,1,0.80000,11.1111%,0.80,0.00,0.00000,0,0,0.0000%
26 de jul. de 2026 - 23 de ago. de 2026,lixinho de pia de cozinha,"=""230543495581941""",campanha automatica geral DBA-o311/08,"=""306910018834945""",Campanha automatica geral DBA-o311/08,loose-match,TARGETING_EXPRESSION_PREDEFINED,264141269671834,Campanha automatica geral,L1618-T,BRL,17,2,0.68500,11.7647%,1.37,0.00,0.00000,0,0,0.0000%
29 de jul. de 2026 - 23 de ago. de 2026,lixeira banheiro basculante,"=""51280467188765""",Campanha de Produto Indicado- L2030-B-o311/08,"=""39531632646033""",Campanha de Produto Indicado- L2030-B-o311/08,"asin-expanded=""B0DJPXST91""",TARGETING_EXPRESSION,146788124202114,campanha de produto indicado,L2030-B,BRL,17,1,1.30000,5.8824%,1.30,0.00,0.00000,0,0,0.0000%
29 de jul. de 2026 - 4 de ago. de 2026,lixeira de embutir de inox,"=""230543495581941""",campanha automatica geral DBA-o311/08,"=""306910018834945""",Campanha automatica geral DBA-o311/08,loose-match,TARGETING_EXPRESSION_PREDEFINED,264141269671834,Campanha automatica geral,EMB-05,BRL,3,1,0.71000,33.3333%,0.71,0.00,0.00000,0,0,0.0000%
27 de jul. de 2026 - 28 de jul. de 2026,B0778TD2LY,"=""70230654464817""",Campanha de Produto Indicado- L2440-AML-o103/07,"=""202389980731948""",Campanha de Produto Indicado- L2440-AML-o103/07,"asin-expanded=""B0H4RY2L65""",TARGETING_EXPRESSION,146788124202114,campanha de produto indicado,L2440-AML,BRL,4,1,0.55000,25.0000%,0.55,0.00,0.00000,0,0,0.0000%
25 de jul. de 2026 - 6 de ago. de 2026,pratos,"=""60867425277707""",campanha automática inidividual- PXP-o311/08,"=""374068040998928""",campanha automática inidividual- PXP-o311/08,close-match,TARGETING_EXPRESSION_PREDEFINED,1383289894499,campanha automatica individual,PXP,BRL,602,1,1.58000,0.1661%,1.58,0.00,0.00000,0,0,0.0000%
23 de ago. de 2026 - 23 de ago. de 2026,lixeira inox 10l balde interno,"=""230543495581941""",campanha automatica geral DBA-o311/08,"=""306910018834945""",Campanha automatica geral DBA-o311/08,loose-match,TARGETING_EXPRESSION_PREDEFINED,264141269671834,Campanha automatica geral,EMB-05P,BRL,2,1,0.80000,50.0000%,0.80,0.00,0.00000,0,0,0.0000%
9 de ago. de 2026 - 9 de ago. de 2026,lixeira de inox 100 litros,"=""230543495581941""",campanha automatica geral DBA-o311/08,"=""306910018834945""",Campanha automatica geral DBA-o311/08,loose-match,TARGETING_EXPRESSION_PREDEFINED,264141269671834,Campanha automatica geral,L4080-B,BRL,1,1,0.67000,100.0000%,0.67,0.00,0.00000,0,0,0.0000%
19 de ago. de 2026 - 19 de ago. de 2026,lixeira de inox com pedal 10 l,"=""230543495581941""",campanha automatica geral DBA-o311/08,"=""306910018834945""",Campanha automatica geral DBA-o311/08,loose-match,TARGETING_EXPRESSION_PREDEFINED,264141269671834,Campanha automatica geral,P2030,BRL,5,1,0.63000,20.0000%,0.63,0.00,0.00000,0,0,0.0000%
25 de jul. de 2026 - 26 de jul. de 2026,lixeira inox 50l,"=""145964185460140""",campanha automática individual- P3070-o116/07,"=""429470627552062""",campanha automática individual- P3070-o116/07,complements,TARGETING_EXPRESSION_PREDEFINED,1383289894499,campanha automatica individual,P3070,BRL,4,1,1.42000,25.0000%,1.42,0.00,0.00000,0,0,0.0000%
19 de ago. de 2026 - 19 de ago. de 2026,lixeira banheiro inox com tampa,"=""230543495581941""",campanha automatica geral DBA-o311/08,"=""306910018834945""",Campanha automatica geral DBA-o311/08,close-match,TARGETING_EXPRESSION_PREDEFINED,264141269671834,Campanha automatica geral,L2025-T,BRL,1,1,0.47000,100.0000%,0.47,0.00,0.00000,0,0,0.0000%
17 de ago. de 2026 - 17 de ago. de 2026,lixeira com basculante 30 litros,"=""230543495581941""",campanha automatica geral DBA-o311/08,"=""306910018834945""",Campanha automatica geral DBA-o311/08,loose-match,TARGETING_EXPRESSION_PREDEFINED,264141269671834,Campanha automatica geral,L2470-B,BRL,1,1,0.23000,100.0000%,0.23,0.00,0.00000,0,0,0.0000%
25 de jul. de 2026 - 28 de jul. de 2026,lixeira 60 litros,"=""145964185460140""",campanha automática individual- P3070-o116/07,"=""429470627552062""",campanha automática individual- P3070-o116/07,close-match,TARGETING_EXPRESSION_PREDEFINED,1383289894499,campanha automatica individual,P3070,BRL,15,1,0.47000,6.6667%,0.47,0.00,0.00000,0,0,0.0000%
18 de ago. de 2026 - 18 de ago. de 2026,cesto de lixo pia de cozinha 5litros inox,"=""230543495581941""",campanha automatica geral DBA-o311/08,"=""306910018834945""",Campanha automatica geral DBA-o311/08,loose-match,TARGETING_EXPRESSION_PREDEFINED,264141269671834,Campanha automatica geral,L2025-T,BRL,1,1,0.46000,100.0000%,0.46,0.00,0.00000,0,0,0.0000%
26 de jul. de 2026 - 23 de ago. de 2026,lixeira 100 litros com tampa,"=""230543495581941""",campanha automatica geral DBA-o311/08,"=""306910018834945""",Campanha automatica geral DBA-o311/08,loose-match,TARGETING_EXPRESSION_PREDEFINED,264141269671834,Campanha automatica geral,L4080-B,BRL,76,2,0.82000,2.6316%,1.64,0.00,0.00000,0,0,0.0000%
30 de jul. de 2026 - 23 de ago. de 2026,B00S68E4FA,"=""230543495581941""",campanha automatica geral DBA-o311/08,"=""306910018834945""",Campanha automatica geral DBA-o311/08,substitutes,TARGETING_EXPRESSION_PREDEFINED,264141269671834,Campanha automatica geral,L2470-CZ,BRL,48,1,0.49000,2.0833%,0.49,0.00,0.00000,0,0,0.0000%
1 de ago. de 2026 - 7 de ago. de 2026,lixeira 100 litros com pedal tramontina,"=""230543495581941""",campanha automatica geral DBA-o311/08,"=""306910018834945""",Campanha automatica geral DBA-o311/08,loose-match,TARGETING_EXPRESSION_PREDEFINED,264141269671834,Campanha automatica geral,P4080,BRL,2,1,0.54000,50.0000%,0.54,0.00,0.00000,0,0,0.0000%
4 de ago. de 2026 - 19 de ago. de 2026,extintor pequeno para casa,"=""60867425277707""",campanha automática inidividual- PXP-o311/08,"=""374068040998928""",campanha automática inidividual- PXP-o311/08,loose-match,TARGETING_EXPRESSION_PREDEFINED,1383289894499,campanha automatica individual,PXP,BRL,6,1,0.59000,16.6667%,0.59,0.00,0.00000,0,0,0.0000%
10 de ago. de 2026 - 10 de ago. de 2026,lixeira alta inox,"=""230543495581941""",campanha automatica geral DBA-o311/08,"=""306910018834945""",Campanha automatica geral DBA-o311/08,loose-match,TARGETING_EXPRESSION_PREDEFINED,264141269671834,Campanha automatica geral,Q2460-B,BRL,1,1,0.74000,100.0000%,0.74,0.00,0.00000,0,0,0.0000%
25 de jul. de 2026 - 19 de ago. de 2026,lixeira banheiro basculante,"=""230543495581941""",campanha automatica geral DBA-o311/08,"=""306910018834945""",Campanha automatica geral DBA-o311/08,loose-match,TARGETING_EXPRESSION_PREDEFINED,264141269671834,Campanha automatica geral,L1623-B,BRL,20,1,0.61000,5.0000%,0.61,0.00,0.00000,0,0,0.0000%
29 de jul. de 2026 - 23 de ago. de 2026,lixeira banheiro sem tampa,"=""230543495581941""",campanha automatica geral DBA-o311/08,"=""306910018834945""",Campanha automatica geral DBA-o311/08,loose-match,TARGETING_EXPRESSION_PREDEFINED,264141269671834,Campanha automatica geral,L2030,BRL,10,1,1.02000,10.0000%,1.02,0.00,0.00000,0,0,0.0000%
25 de jul. de 2026 - 17 de ago. de 2026,porta,"=""60867425277707""",campanha automática inidividual- PXP-o311/08,"=""374068040998928""",campanha automática inidividual- PXP-o311/08,close-match,TARGETING_EXPRESSION_PREDEFINED,1383289894499,campanha automatica individual,PXP,BRL,101,1,1.65000,0.9901%,1.65,0.00,0.00000,0,0,0.0000%
2 de ago. de 2026 - 23 de ago. de 2026,B0H4NLBG1Y,"=""204200209630375""",Campanha de Produto Indicado- P3070-o228/07,"=""199631127286200""",Campanha de Produto Indicado- P3070-o228/07,"asin-expanded=""B0C5N9HQJM""",TARGETING_EXPRESSION,146788124202114,campanha de produto indicado,P3070,BRL,10,1,1.10000,10.0000%,1.10,0.00,0.00000,0,0,0.0000%
29 de jul. de 2026 - 23 de ago. de 2026,B0FFSC2QNQ,"=""230543495581941""",campanha automatica geral DBA-o311/08,"=""306910018834945""",Campanha automatica geral DBA-o311/08,substitutes,TARGETING_EXPRESSION_PREDEFINED,264141269671834,Campanha automatica geral,P3070,BRL,111,1,0.76000,0.9009%,0.76,0.00,0.00000,0,0,0.0000%
18 de ago. de 2026 - 19 de ago. de 2026,B0H7XZDT7T,"=""957557930999""",Campanha de Produto Indicado- PXM-o311/08,"=""261168792220999""",Campanha de Produto Indicado- PXM-o311/08,"asin-expanded=""B0F8BDRT3V""",TARGETING_EXPRESSION,146788124202114,campanha de produto indicado,PXM,BRL,3,1,0.59000,33.3333%,0.59,0.00,0.00000,0,0,0.0000%
2 de ago. de 2026 - 12 de ago. de 2026,B0G11MXWBP,"=""204200209630375""",Campanha de Produto Indicado- P3070-o228/07,"=""199631127286200""",Campanha de Produto Indicado- P3070-o228/07,"asin-expanded=""B085ZX7344""",TARGETING_EXPRESSION,146788124202114,campanha de produto indicado,P3070,BRL,8,1,1.04000,12.5000%,1.04,0.00,0.00000,0,0,0.0000%
6 de ago. de 2026 - 23 de ago. de 2026,B076VYNP9W,"=""230543495581941""",campanha automatica geral DBA-o311/08,"=""306910018834945""",Campanha automatica geral DBA-o311/08,substitutes,TARGETING_EXPRESSION_PREDEFINED,264141269671834,Campanha automatica geral,L1618-T,BRL,302,8,0.36250,2.6490%,2.90,0.00,0.00000,0,0,0.0000%
27 de jul. de 2026 - 23 de ago. de 2026,lixeira cozinha 40 litros,"=""230543495581941""",campanha automatica geral DBA-o311/08,"=""306910018834945""",Campanha automatica geral DBA-o311/08,loose-match,TARGETING_EXPRESSION_PREDEFINED,264141269671834,Campanha automatica geral,L3060-A,BRL,9,1,0.80000,11.1111%,0.80,0.00,0.00000,0,0,0.0000%
26 de jul. de 2026 - 23 de ago. de 2026,B0GH2HDY68,"=""230543495581941""",campanha automatica geral DBA-o311/08,"=""306910018834945""",Campanha automatica geral DBA-o311/08,substitutes,TARGETING_EXPRESSION_PREDEFINED,264141269671834,Campanha automatica geral,L2470-B,BRL,147,1,0.74000,0.6803%,0.74,0.00,0.00000,0,0,0.0000%
12 de ago. de 2026 - 12 de ago. de 2026,B076PKS5GL,"=""51280467188765""",Campanha de Produto Indicado- L2030-B-o311/08,"=""39531632646033""",Campanha de Produto Indicado- L2030-B-o311/08,"asin-expanded=""B0FNRL7TG1""",TARGETING_EXPRESSION,146788124202114,campanha de produto indicado,L2030-B,BRL,1,1,0.31000,100.0000%,0.31,0.00,0.00000,0,0,0.0000%
29 de jul. de 2026 - 11 de ago. de 2026,B0CFGBGQLW,"=""81989474043493""",Campanha de Produto Indicado- P4080-o115/07,"=""40741820515357""",Campanha de Produto Indicado- P4080-o115/07,"asin-expanded=""B0CFGBGQLW""",TARGETING_EXPRESSION,146788124202114,campanha de produto indicado,P4080,BRL,2,1,0.82000,50.0000%,0.82,0.00,0.00000,0,0,0.0000%
20 de ago. de 2026 - 20 de ago. de 2026,lixeira aco inox quadrada sem tampa,"=""230543495581941""",campanha automatica geral DBA-o311/08,"=""306910018834945""",Campanha automatica geral DBA-o311/08,loose-match,TARGETING_EXPRESSION_PREDEFINED,264141269671834,Campanha automatica geral,Q2430-A,BRL,1,1,0.55000,100.0000%,0.55,1741.56,3166.47273,1,3,100.0000%
5 de ago. de 2026 - 9 de ago. de 2026,lixeira redonda com tampa,"=""230543495581941""",campanha automatica geral DBA-o311/08,"=""306910018834945""",Campanha automatica geral DBA-o311/08,loose-match,TARGETING_EXPRESSION_PREDEFINED,264141269671834,Campanha automatica geral,L4080-B,BRL,3,1,0.80000,33.3333%,0.80,0.00,0.00000,0,0,0.0000%
4 de ago. de 2026 - 15 de ago. de 2026,lixeira 100,"=""230543495581941""",campanha automatica geral DBA-o311/08,"=""306910018834945""",Campanha automatica geral DBA-o311/08,loose-match,TARGETING_EXPRESSION_PREDEFINED,264141269671834,Campanha automatica geral,L4080-B,BRL,5,1,0.80000,20.0000%,0.80,0.00,0.00000,0,0,0.0000%
23 de ago. de 2026 - 23 de ago. de 2026,B0C2S65G63,"=""230543495581941""",campanha automatica geral DBA-o311/08,"=""306910018834945""",Campanha automatica geral DBA-o311/08,substitutes,TARGETING_EXPRESSION_PREDEFINED,264141269671834,Campanha automatica geral,L2430-B,BRL,1,1,0.76000,100.0000%,0.76,0.00,0.00000,0,0,0.0000%
5 de ago. de 2026 - 22 de ago. de 2026,B076T9QLJS,"=""230543495581941""",campanha automatica geral DBA-o311/08,"=""306910018834945""",Campanha automatica geral DBA-o311/08,substitutes,TARGETING_EXPRESSION_PREDEFINED,264141269671834,Campanha automatica geral,L2030-B,BRL,4,1,0.64000,25.0000%,0.64,0.00,0.00000,0,0,0.0000%
9 de ago. de 2026 - 9 de ago. de 2026,cesto inox lixo,"=""230543495581941""",campanha automatica geral DBA-o311/08,"=""306910018834945""",Campanha automatica geral DBA-o311/08,loose-match,TARGETING_EXPRESSION_PREDEFINED,264141269671834,Campanha automatica geral,L2430-A,BRL,1,1,0.77000,100.0000%,0.77,0.00,0.00000,0,0,0.0000%
5 de ago. de 2026 - 16 de ago. de 2026,lixeira grande,"=""230543495581941""",campanha automatica geral DBA-o311/08,"=""306910018834945""",Campanha automatica geral DBA-o311/08,loose-match,TARGETING_EXPRESSION_PREDEFINED,264141269671834,Campanha automatica geral,P3070,BRL,4,1,0.57000,25.0000%,0.57,0.00,0.00000,0,0,0.0000%
25 de jul. de 2026 - 28 de jul. de 2026,B08D8R4GZQ,"=""3262494915796""",Campanha de Produto Indicado- P3050-o228/07,"=""113839187289861""",Campanha de Produto Indicado- P3050-o228/07,"asin-expanded=""B08D8R4GZQ""",TARGETING_EXPRESSION,146788124202114,campanha de produto indicado,P3050,BRL,15,1,0.31000,6.6667%,0.31,0.00,0.00000,0,0,0.0000%
5 de ago. de 2026 - 9 de ago. de 2026,lixeira retangular inox,"=""230543495581941""",campanha automatica geral DBA-o311/08,"=""306910018834945""",Campanha automatica geral DBA-o311/08,loose-match,TARGETING_EXPRESSION_PREDEFINED,264141269671834,Campanha automatica geral,L2030-A,BRL,4,1,0.80000,25.0000%,0.80,0.00,0.00000,0,0,0.0000%
18 de ago. de 2026 - 18 de ago. de 2026,lixo escritorio 40 litros inox,"=""230543495581941""",campanha automatica geral DBA-o311/08,"=""306910018834945""",Campanha automatica geral DBA-o311/08,loose-match,TARGETING_EXPRESSION_PREDEFINED,264141269671834,Campanha automatica geral,P3050,BRL,2,1,0.36000,50.0000%,0.36,0.00,0.00000,0,0,0.0000%
26 de jul. de 2026 - 15 de ago. de 2026,lixeira 20 litros basculante,"=""230543495581941""",campanha automatica geral DBA-o311/08,"=""306910018834945""",Campanha automatica geral DBA-o311/08,loose-match,TARGETING_EXPRESSION_PREDEFINED,264141269671834,Campanha automatica geral,L2440-B,BRL,5,1,0.09000,20.0000%,0.09,0.00,0.00000,0,0,0.0000%
6 de ago. de 2026 - 12 de ago. de 2026,B0H6L3552G,"=""230543495581941""",campanha automatica geral DBA-o311/08,"=""306910018834945""",Campanha automatica geral DBA-o311/08,substitutes,TARGETING_EXPRESSION_PREDEFINED,264141269671834,Campanha automatica geral,L2030-B,BRL,2,1,0.48000,50.0000%,0.48,0.00,0.00000,0,0,0.0000%
2 de ago. de 2026 - 20 de ago. de 2026,lixo 50l,"=""230543495581941""",campanha automatica geral DBA-o311/08,"=""306910018834945""",Campanha automatica geral DBA-o311/08,substitutes,TARGETING_EXPRESSION_PREDEFINED,264141269671834,Campanha automatica geral,P3060ALC,BRL,3,1,0.82000,33.3333%,0.82,0.00,0.00000,0,0,0.0000%
23 de ago. de 2026 - 23 de ago. de 2026,lixeira inox tramontina,"=""230543495581941""",campanha automatica geral DBA-o311/08,"=""306910018834945""",Campanha automatica geral DBA-o311/08,substitutes,TARGETING_EXPRESSION_PREDEFINED,264141269671834,Campanha automatica geral,P3060ALC,BRL,1,1,0.80000,100.0000%,0.80,0.00,0.00000,0,0,0.0000%
25 de jul. de 2026 - 25 de jul. de 2026,B087SV45P8,"=""246652946970837""",campanha automática individual- L2470-B-o115/07,"=""334383283177829""",campanha automática individual- L2470-B-o115/07,complements,TARGETING_EXPRESSION_PREDEFINED,1383289894499,campanha automatica individual,L2470-B,BRL,1,1,0.46000,100.0000%,0.46,0.00,0.00000,0,0,0.0000%
7 de ago. de 2026 - 7 de ago. de 2026,lixeira com pedal inox 12 litros,"=""230543495581941""",campanha automatica geral DBA-o311/08,"=""306910018834945""",Campanha automatica geral DBA-o311/08,loose-match,TARGETING_EXPRESSION_PREDEFINED,264141269671834,Campanha automatica geral,P2425,BRL,3,1,0.97000,33.3333%,0.97,0.00,0.00000,0,0,0.0000%
22 de ago. de 2026 - 22 de ago. de 2026,lixeira brinox 12l,"=""230543495581941""",campanha automatica geral DBA-o311/08,"=""306910018834945""",Campanha automatica geral DBA-o311/08,substitutes,TARGETING_EXPRESSION_PREDEFINED,264141269671834,Campanha automatica geral,L2025-T,BRL,1,1,0.56000,100.0000%,0.56,0.00,0.00000,0,0,0.0000%
27 de jul. de 2026 - 18 de ago. de 2026,lixeira basculante banheiro,"=""230543495581941""",campanha automatica geral DBA-o311/08,"=""306910018834945""",Campanha automatica geral DBA-o311/08,loose-match,TARGETING_EXPRESSION_PREDEFINED,264141269671834,Campanha automatica geral,L1623-B,BRL,27,1,0.77000,3.7037%,0.77,0.00,0.00000,0,0,0.0000%
29 de jul. de 2026 - 22 de ago. de 2026,B0BHMZBZW9,"=""3262494915796""",Campanha de Produto Indicado- P3050-o228/07,"=""113839187289861""",Campanha de Produto Indicado- P3050-o228/07,"asin-expanded=""B0CYWMQ93Y""",TARGETING_EXPRESSION,146788124202114,campanha de produto indicado,P3050,BRL,536,1,0.66000,0.1866%,0.66,0.00,0.00000,0,0,0.0000%
27 de jul. de 2026 - 27 de jul. de 2026,B08R6G1224,"=""151214408407609""",Campanha de Produto Indicado- SP-PP-o103/07,"=""25520630990729""",Campanha de Produto Indicado- SP-PP-o103/07,"asin-expanded=""B09G9P1MF9""",TARGETING_EXPRESSION,146788124202114,campanha de produto indicado,SP-PP,BRL,1,1,0.42000,100.0000%,0.42,0.00,0.00000,0,0,0.0000%
19 de ago. de 2026 - 19 de ago. de 2026,balde de lixo para pia,"=""230543495581941""",campanha automatica geral DBA-o311/08,"=""306910018834945""",Campanha automatica geral DBA-o311/08,loose-match,TARGETING_EXPRESSION_PREDEFINED,264141269671834,Campanha automatica geral,EMB-08,BRL,1,1,0.58000,100.0000%,0.58,0.00,0.00000,0,0,0.0000%
4 de ago. de 2026 - 11 de ago. de 2026,lixeira 40cm,"=""230543495581941""",campanha automatica geral DBA-o311/08,"=""306910018834945""",Campanha automatica geral DBA-o311/08,loose-match,TARGETING_EXPRESSION_PREDEFINED,264141269671834,Campanha automatica geral,L4080-A,BRL,3,1,0.54000,33.3333%,0.54,0.00,0.00000,0,0,0.0000%
25 de jul. de 2026 - 11 de ago. de 2026,B07CBB47V4,"=""229314137254983""",Campanha de Produto Indicado- SP-FF-o103/07,"=""274667933716671""",Campanha de Produto Indicado- SP-FF-o103/07,"asin-expanded=""B07CBB47V4""",TARGETING_EXPRESSION,146788124202114,campanha de produto indicado,SP-FF,BRL,22,1,0.56000,4.5455%,0.56,0.00,0.00000,0,0,0.0000%
4 de ago. de 2026 - 23 de ago. de 2026,lixeira 40 litros,"=""230543495581941""",campanha automatica geral DBA-o311/08,"=""306910018834945""",Campanha automatica geral DBA-o311/08,loose-match,TARGETING_EXPRESSION_PREDEFINED,264141269671834,Campanha automatica geral,Q2460-B,BRL,7,1,0.80000,14.2857%,0.80,0.00,0.00000,0,0,0.0000%
25 de jul. de 2026 - 23 de ago. de 2026,B076PN14B6,"=""230543495581941""",campanha automatica geral DBA-o311/08,"=""306910018834945""",Campanha automatica geral DBA-o311/08,substitutes,TARGETING_EXPRESSION_PREDEFINED,264141269671834,Campanha automatica geral,L2025-T,BRL,141,4,0.75750,2.8369%,3.03,0.00,0.00000,0,0,0.0000%
29 de jul. de 2026 - 29 de jul. de 2026,lixeira aro 15 litros,"=""230543495581941""",campanha automatica geral DBA-o311/08,"=""306910018834945""",Campanha automatica geral DBA-o311/08,close-match,TARGETING_EXPRESSION_PREDEFINED,264141269671834,Campanha automatica geral,L2430-A,BRL,1,1,0.71000,100.0000%,0.71,0.00,0.00000,0,0,0.0000%
9 de ago. de 2026 - 9 de ago. de 2026,B0DK21WT8S,"=""230543495581941""",campanha automatica geral DBA-o311/08,"=""306910018834945""",Campanha automatica geral DBA-o311/08,substitutes,TARGETING_EXPRESSION_PREDEFINED,264141269671834,Campanha automatica geral,L2430-A,BRL,2,1,0.80000,50.0000%,0.80,0.00,0.00000,0,0,0.0000%
17 de ago. de 2026 - 17 de ago. de 2026,lixeira com basculante 30 litros,"=""230543495581941""",campanha automatica geral DBA-o311/08,"=""306910018834945""",Campanha automatica geral DBA-o311/08,loose-match,TARGETING_EXPRESSION_PREDEFINED,264141269671834,Campanha automatica geral,L3040-B,BRL,1,1,0.66000,100.0000%,0.66,0.00,0.00000,0,0,0.0000%
29 de jul. de 2026 - 29 de jul. de 2026,lixeira de inox de tampa,"=""230543495581941""",campanha automatica geral DBA-o311/08,"=""306910018834945""",Campanha automatica geral DBA-o311/08,loose-match,TARGETING_EXPRESSION_PREDEFINED,264141269671834,Campanha automatica geral,L2025-T,BRL,1,1,0.66000,100.0000%,0.66,0.00,0.00000,0,0,0.0000%
26 de jul. de 2026 - 26 de jul. de 2026,B0H37KRPHM,"=""70230654464817""",Campanha de Produto Indicado- L2440-AML-o103/07,"=""202389980731948""",Campanha de Produto Indicado- L2440-AML-o103/07,"asin-expanded=""B0B3S7HW5K""",TARGETING_EXPRESSION,146788124202114,campanha de produto indicado,L2440-AML,BRL,6,1,1.10000,16.6667%,1.10,0.00,0.00000,0,0,0.0000%
27 de jul. de 2026 - 23 de ago. de 2026,lixeira inox 10 litros,"=""230543495581941""",campanha automatica geral DBA-o311/08,"=""306910018834945""",Campanha automatica geral DBA-o311/08,loose-match,TARGETING_EXPRESSION_PREDEFINED,264141269671834,Campanha automatica geral,L2030,BRL,11,1,0.63000,9.0909%,0.63,0.00,0.00000,0,0,0.0000%
29 de jul. de 2026 - 23 de ago. de 2026,B092XLGL21,"=""230543495581941""",campanha automatica geral DBA-o311/08,"=""306910018834945""",Campanha automatica geral DBA-o311/08,substitutes,TARGETING_EXPRESSION_PREDEFINED,264141269671834,Campanha automatica geral,P4080,BRL,148,1,0.18000,0.6757%,0.18,0.00,0.00000,0,0,0.0000%
25 de jul. de 2026 - 27 de jul. de 2026,B07CL7M4NT,"=""74625636500610""",campanha automática individual- L2030-B-o115/07,"=""548614128360172""",campanha automática individual- L2030-Bo115/07,substitutes,TARGETING_EXPRESSION_PREDEFINED,1383289894499,campanha automatica individual,L2030-B,BRL,7,1,1.34000,14.2857%,1.34,0.00,0.00000,0,0,0.0000%
3 de ago. de 2026 - 3 de ago. de 2026,lixeira banheiro tampa vai e vem,"=""230543495581941""",campanha automatica geral DBA-o311/08,"=""306910018834945""",Campanha automatica geral DBA-o311/08,loose-match,TARGETING_EXPRESSION_PREDEFINED,264141269671834,Campanha automatica geral,L4080-B,BRL,1,1,0.80000,100.0000%,0.80,0.00,0.00000,0,0,0.0000%
7 de ago. de 2026 - 7 de ago. de 2026,B0GWRTY1N6,"=""220339920491993""",Campanha de Produto Indicado- L1618-A-o103/07,"=""216344585748751""",Campanha de Produto Indicado- L1618-A-o103/07,"asin-expanded=""B0H4NRG51Q""",TARGETING_EXPRESSION,146788124202114,campanha de produto indicado,L1618-A,BRL,1,1,0.58000,100.0000%,0.58,0.00,0.00000,0,0,0.0000%
28 de jul. de 2026 - 28 de jul. de 2026,lixeira redonda de cozinha,"=""230543495581941""",campanha automatica geral DBA-o311/08,"=""306910018834945""",Campanha automatica geral DBA-o311/08,close-match,TARGETING_EXPRESSION_PREDEFINED,264141269671834,Campanha automatica geral,L2425-B,BRL,2,1,0.40000,50.0000%,0.40,0.00,0.00000,0,0,0.0000%
5 de ago. de 2026 - 23 de ago. de 2026,B0DXQCLKCP,"=""60867425277707""",campanha automática inidividual- PXP-o311/08,"=""374068040998928""",campanha automática inidividual- PXP-o311/08,substitutes,TARGETING_EXPRESSION_PREDEFINED,1383289894499,campanha automatica individual,PXP,BRL,96,1,0.58000,1.0417%,0.58,0.00,0.00000,0,0,0.0000%
25 de jul. de 2026 - 27 de jul. de 2026,B076PLZ1PV,"=""6383857296458""",campanha automática individual- P3050-o102/07,"=""383083034260814""",campanha automática individual- P3050,substitutes,TARGETING_EXPRESSION_PREDEFINED,1383289894499,campanha automatica individual,P3050,BRL,5,1,1.02000,20.0000%,1.02,0.00,0.00000,0,0,0.0000%
5 de ago. de 2026 - 23 de ago. de 2026,extintor de incêndio,"=""163724971822822""",campanha automática individual- PXM-o228/07,"=""560459911677559""",campanha automática individual- PXM-o228/07,close-match,TARGETING_EXPRESSION_PREDEFINED,1383289894499,campanha automatica individual,PXM,BRL,67,1,0.40000,1.4925%,0.40,0.00,0.00000,0,0,0.0000%
26 de jul. de 2026 - 23 de ago. de 2026,B08FXSCZ99,"=""7243834473931""",Campanha de Produto Indicado- PG3070-o228/07,"=""212453488975658""",Campanha de Produto Indicado- PG3070-o228/07,"asin-expanded=""B08FXSCZ99""",TARGETING_EXPRESSION,146788124202114,campanha de produto indicado,PG3070,BRL,21,1,0.79000,4.7619%,0.79,0.00,0.00000,0,0,0.0000%
22 de ago. de 2026 - 22 de ago. de 2026,lixo cozinha 12 litros quadrada,"=""230543495581941""",campanha automatica geral DBA-o311/08,"=""306910018834945""",Campanha automatica geral DBA-o311/08,loose-match,TARGETING_EXPRESSION_PREDEFINED,264141269671834,Campanha automatica geral,L2025-T,BRL,1,1,0.80000,100.0000%,0.80,0.00,0.00000,0,0,0.0000%
5 de ago. de 2026 - 23 de ago. de 2026,lixeira dupla,"=""230543495581941""",campanha automatica geral DBA-o311/08,"=""306910018834945""",Campanha automatica geral DBA-o311/08,loose-match,TARGETING_EXPRESSION_PREDEFINED,264141269671834,Campanha automatica geral,Q2460-B,BRL,16,1,0.57000,6.2500%,0.57,0.00,0.00000,0,0,0.0000%
28 de jul. de 2026 - 28 de jul. de 2026,lixeira pampa vai e vem inox,"=""230543495581941""",campanha automatica geral DBA-o311/08,"=""306910018834945""",Campanha automatica geral DBA-o311/08,loose-match,TARGETING_EXPRESSION_PREDEFINED,264141269671834,Campanha automatica geral,L3070-B,BRL,2,1,0.79000,50.0000%,0.79,0.00,0.00000,0,0,0.0000%
6 de ago. de 2026 - 6 de ago. de 2026,lixeira retangular 40 litros com pedal,"=""230543495581941""",campanha automatica geral DBA-o311/08,"=""306910018834945""",Campanha automatica geral DBA-o311/08,loose-match,TARGETING_EXPRESSION_PREDEFINED,264141269671834,Campanha automatica geral,Q2460-B,BRL,1,1,0.71000,100.0000%,0.71,0.00,0.00000,0,0,0.0000%
9 de ago. de 2026 - 9 de ago. de 2026,sanremo lixeira plástica basculante,"=""230543495581941""",campanha automatica geral DBA-o311/08,"=""306910018834945""",Campanha automatica geral DBA-o311/08,loose-match,TARGETING_EXPRESSION_PREDEFINED,264141269671834,Campanha automatica geral,Q2460-B,BRL,2,1,0.66000,50.0000%,0.66,0.00,0.00000,0,0,0.0000%
25 de jul. de 2026 - 27 de jul. de 2026,B09YDKHT3H,"=""145964185460140""",campanha automática individual- P3070-o116/07,"=""429470627552062""",campanha automática individual- P3070-o116/07,substitutes,TARGETING_EXPRESSION_PREDEFINED,1383289894499,campanha automatica individual,P3070,BRL,4,1,0.36000,25.0000%,0.36,0.00,0.00000,0,0,0.0000%
5 de ago. de 2026 - 20 de ago. de 2026,cesto lixo banheiro,"=""230543495581941""",campanha automatica geral DBA-o311/08,"=""306910018834945""",Campanha automatica geral DBA-o311/08,substitutes,TARGETING_EXPRESSION_PREDEFINED,264141269671834,Campanha automatica geral,L1618-T,BRL,3,1,0.32000,33.3333%,0.32,0.00,0.00000,0,0,0.0000%
4 de ago. de 2026 - 23 de ago. de 2026,lixeira grande,"=""230543495581941""",campanha automatica geral DBA-o311/08,"=""306910018834945""",Campanha automatica geral DBA-o311/08,substitutes,TARGETING_EXPRESSION_PREDEFINED,264141269671834,Campanha automatica geral,Q3060-A,BRL,10,1,0.76000,10.0000%,0.76,0.00,0.00000,0,0,0.0000%
13 de ago. de 2026 - 19 de ago. de 2026,B076JLCB86,"=""230543495581941""",campanha automatica geral DBA-o311/08,"=""306910018834945""",Campanha automatica geral DBA-o311/08,substitutes,TARGETING_EXPRESSION_PREDEFINED,264141269671834,Campanha automatica geral,L1618-T,BRL,3,1,0.50000,33.3333%,0.50,0.00,0.00000,0,0,0.0000%
26 de jul. de 2026 - 26 de jul. de 2026,lixo inox tampa,"=""100493751446075""",Campanha de Produto Indicado- L1618-T-o103/07,"=""78690051619891""",Campanha de Produto Indicado- L1618-T-o103/07,"asin-expanded=""B076PRGLGT""",TARGETING_EXPRESSION,146788124202114,campanha de produto indicado,L1618-T,BRL,1,1,0.75000,100.0000%,0.75,0.00,0.00000,0,0,0.0000%
18 de ago. de 2026 - 21 de ago. de 2026,lixeira inox para pia cozinha,"=""108804692555847""",Campanha de Palavra-Chave Lixeiras banheiro,"=""28534619762262""",Campanha de Palavra-Chave Lixeiras banheiro,lixeira inox para pia de cozinha,EXACT,99873185432506,Campanhas Manuais Claude,L2025-B,BRL,21,1,1.47000,4.7619%,1.47,0.00,0.00000,0,0,0.0000%
28 de jul. de 2026 - 29 de jul. de 2026,B0H8FBCPWK,"=""3262494915796""",Campanha de Produto Indicado- P3050-o228/07,"=""113839187289861""",Campanha de Produto Indicado- P3050-o228/07,"asin-expanded=""B0GZ59P5FC""",TARGETING_EXPRESSION,146788124202114,campanha de produto indicado,P3050,BRL,22,1,0.39000,4.5455%,0.39,0.00,0.00000,0,0,0.0000%
23 de ago. de 2026 - 23 de ago. de 2026,lixo 40cm,"=""230543495581941""",campanha automatica geral DBA-o311/08,"=""306910018834945""",Campanha automatica geral DBA-o311/08,loose-match,TARGETING_EXPRESSION_PREDEFINED,264141269671834,Campanha automatica geral,L2440-AML,BRL,1,1,0.35000,100.0000%,0.35,0.00,0.00000,0,0,0.0000%
25 de jul. de 2026 - 11 de ago. de 2026,lixeira inox 20 litros,"=""70139439261043""",Campanha de Palavra-Chave- L2440-AML-o103/07,"=""16772359105491""",Campanha de Palavra-Chave- L2440-AML-o103/07,lixeira inox 20 litros,PHRASE,178029480993742,campanha de palavra chave,L2440-AML,BRL,214,1,0.79000,0.4673%,0.79,0.00,0.00000,0,0,0.0000%
31 de jul. de 2026 - 9 de ago. de 2026,lixeira 3 litros,"=""230543495581941""",campanha automatica geral DBA-o311/08,"=""306910018834945""",Campanha automatica geral DBA-o311/08,loose-match,TARGETING_EXPRESSION_PREDEFINED,264141269671834,Campanha automatica geral,L1618-T,BRL,11,1,0.79000,9.0909%,0.79,0.00,0.00000,0,0,0.0000%
11 de ago. de 2026 - 23 de ago. de 2026,lixeira inox para pia de cozinha,"=""108804692555847""",Campanha de Palavra-Chave Lixeiras banheiro,"=""28534619762262""",Campanha de Palavra-Chave Lixeiras banheiro,lixeira inox para pia de cozinha,EXACT,99873185432506,Campanhas Manuais Claude,L2430-B,BRL,18,1,1.24000,5.5556%,1.24,0.00,0.00000,0,0,0.0000%
1 de ago. de 2026 - 11 de ago. de 2026,cesto lixo banheiro inox,"=""230543495581941""",campanha automatica geral DBA-o311/08,"=""306910018834945""",Campanha automatica geral DBA-o311/08,loose-match,TARGETING_EXPRESSION_PREDEFINED,264141269671834,Campanha automatica geral,L2025-T,BRL,2,1,0.71000,50.0000%,0.71,0.00,0.00000,0,0,0.0000%
25 de jul. de 2026 - 23 de ago. de 2026,lixeira inox 30l,"=""230543495581941""",campanha automatica geral DBA-o311/08,"=""306910018834945""",Campanha automatica geral DBA-o311/08,loose-match,TARGETING_EXPRESSION_PREDEFINED,264141269671834,Campanha automatica geral,L3040-B,BRL,86,1,0.79000,1.1628%,0.79,0.00,0.00000,0,0,0.0000%
20 de ago. de 2026 - 23 de ago. de 2026,placa adesiva para parede,"=""234950194216241""",campanha automática individual- SP-PP-o116/07,"=""559914515436204""",campanha automática individual- SP-PP16/07,substitutes,TARGETING_EXPRESSION_PREDEFINED,1383289894499,campanha automatica individual,SP-PP,BRL,161,2,1.25000,1.2422%,2.50,0.00,0.00000,0,0,0.0000%
15 de ago. de 2026 - 15 de ago. de 2026,lixeira basculante 30,"=""230543495581941""",campanha automatica geral DBA-o311/08,"=""306910018834945""",Campanha automatica geral DBA-o311/08,loose-match,TARGETING_EXPRESSION_PREDEFINED,264141269671834,Campanha automatica geral,L3040-B,BRL,1,1,0.41000,100.0000%,0.41,0.00,0.00000,0,0,0.0000%
27 de jul. de 2026 - 3 de ago. de 2026,lixeira inox cozinha 50 litros com pedal,"=""123525465502040""",campanha de palavra chave- P3060-o116/07,"=""49233190069824""",campanha de palavra chave- P3060-o116/07,lixeira inox cozinha 50 litros,PHRASE,178029480993742,campanha de palavra chave,P3060,BRL,10,2,2.26000,20.0000%,4.52,0.00,0.00000,0,0,0.0000%
5 de ago. de 2026 - 16 de ago. de 2026,B0GXFG92PZ,"=""230543495581941""",campanha automatica geral DBA-o311/08,"=""306910018834945""",Campanha automatica geral DBA-o311/08,substitutes,TARGETING_EXPRESSION_PREDEFINED,264141269671834,Campanha automatica geral,L1623-T,BRL,2,1,0.54000,50.0000%,0.54,0.00,0.00000,0,0,0.0000%
25 de jul. de 2026 - 29 de jul. de 2026,B0F4T1M1GC,"=""6383857296458""",campanha automática individual- P3050-o102/07,"=""383083034260814""",campanha automática individual- P3050,substitutes,TARGETING_EXPRESSION_PREDEFINED,1383289894499,campanha automatica individual,P3050,BRL,89,1,0.50000,1.1236%,0.50,0.00,0.00000,0,0,0.0000%
4 de ago. de 2026 - 4 de ago. de 2026,lixeira basculante 12l inox para banheiro,"=""230543495581941""",campanha automatica geral DBA-o311/08,"=""306910018834945""",Campanha automatica geral DBA-o311/08,loose-match,TARGETING_EXPRESSION_PREDEFINED,264141269671834,Campanha automatica geral,L2030-B,BRL,1,1,0.31000,100.0000%,0.31,0.00,0.00000,0,0,0.0000%
25 de jul. de 2026 - 25 de jul. de 2026,lixeira 59l inox,"=""145964185460140""",campanha automática individual- P3070-o116/07,"=""429470627552062""",campanha automática individual- P3070-o116/07,loose-match,TARGETING_EXPRESSION_PREDEFINED,1383289894499,campanha automatica individual,P3070,BRL,2,1,1.13000,50.0000%,1.13,0.00,0.00000,0,0,0.0000%
3 de ago. de 2026 - 3 de ago. de 2026,B0FCSTJMVQ,"=""230543495581941""",campanha automatica geral DBA-o311/08,"=""306910018834945""",Campanha automatica geral DBA-o311/08,substitutes,TARGETING_EXPRESSION_PREDEFINED,264141269671834,Campanha automatica geral,L2430-B,BRL,2,1,0.39000,50.0000%,0.39,0.00,0.00000,0,0,0.0000%
4 de ago. de 2026 - 10 de ago. de 2026,B0GGD8M6MV,"=""230543495581941""",campanha automatica geral DBA-o311/08,"=""306910018834945""",Campanha automatica geral DBA-o311/08,substitutes,TARGETING_EXPRESSION_PREDEFINED,264141269671834,Campanha automatica geral,Q2460-B,BRL,15,1,0.71000,6.6667%,0.71,0.00,0.00000,0,0,0.0000%
2 de ago. de 2026 - 15 de ago. de 2026,lixeira banheiro branca,"=""230543495581941""",campanha automatica geral DBA-o311/08,"=""306910018834945""",Campanha automatica geral DBA-o311/08,loose-match,TARGETING_EXPRESSION_PREDEFINED,264141269671834,Campanha automatica geral,L2025-T,BRL,5,1,0.80000,20.0000%,0.80,0.00,0.00000,0,0,0.0000%
15 de ago. de 2026 - 15 de ago. de 2026,lixeira de aco tramontina 30 litros,"=""230543495581941""",campanha automatica geral DBA-o311/08,"=""306910018834945""",Campanha automatica geral DBA-o311/08,loose-match,TARGETING_EXPRESSION_PREDEFINED,264141269671834,Campanha automatica geral,Q2460-B,BRL,1,1,0.64000,100.0000%,0.64,0.00,0.00000,0,0,0.0000%
25 de jul. de 2026 - 25 de jul. de 2026,lixeira de inox para pia para cima da pia,"=""125746095085649""",Campanha de Palavra-Chave- L1618-T-o103/07,"=""256552842658121""",Campanha de Palavra-Chave- L1618-T-o103/07,lixeira inox para pia,PHRASE,178029480993742,campanha de palavra chave,L1618-T,BRL,2,1,1.30000,50.0000%,1.30,0.00,0.00000,0,0,0.0000%
22 de ago. de 2026 - 22 de ago. de 2026,lixeira de 80 litros basculante,"=""51867061249884""",Campanha Manual Palavra-Chave L3070-B,"=""37073533131431""",Campanha Manual Palavra-Chave L3070-B,lixeira 80 litros basculante,EXACT,99873185432506,Campanhas Manuais Claude,L3070-B,BRL,3,1,1.10000,33.3333%,1.10,0.00,0.00000,0,0,0.0000%
25 de jul. de 2026 - 5 de ago. de 2026,B076PLZ1PV,"=""230543495581941""",campanha automatica geral DBA-o311/08,"=""306910018834945""",Campanha automatica geral DBA-o311/08,substitutes,TARGETING_EXPRESSION_PREDEFINED,264141269671834,Campanha automatica geral,L1618-T,BRL,5,2,0.56000,40.0000%,1.12,0.00,0.00000,0,0,0.0000%
29 de jul. de 2026 - 13 de ago. de 2026,ensacador de guarda chuva,"=""230543495581941""",campanha automatica geral DBA-o311/08,"=""306910018834945""",Campanha automatica geral DBA-o311/08,loose-match,TARGETING_EXPRESSION_PREDEFINED,264141269671834,Campanha automatica geral,EGC,BRL,6,1,0.10000,16.6667%,0.10,0.00,0.00000,0,0,0.0000%
17 de ago. de 2026 - 17 de ago. de 2026,lixeira com basculante 30 litros,"=""230543495581941""",campanha automatica geral DBA-o311/08,"=""306910018834945""",Campanha automatica geral DBA-o311/08,loose-match,TARGETING_EXPRESSION_PREDEFINED,264141269671834,Campanha automatica geral,Q2460-B,BRL,1,1,0.52000,100.0000%,0.52,0.00,0.00000,0,0,0.0000%
8 de ago. de 2026 - 8 de ago. de 2026,suporte extintor inox,"=""13641592450246""",Campanha de Palavra-Chave- PXP-o115/07,"=""69046114446698""",Campanha de Palavra-Chave- PXPo1-15/07,suporte extintor inox,EXACT,178029480993742,campanha de palavra chave,PXP,BRL,1,1,0.69000,100.0000%,0.69,0.00,0.00000,0,0,0.0000%
25 de jul. de 2026 - 25 de jul. de 2026,lixeira 59l inox,"=""230543495581941""",campanha automatica geral DBA-o311/08,"=""306910018834945""",Campanha automatica geral DBA-o311/08,loose-match,TARGETING_EXPRESSION_PREDEFINED,264141269671834,Campanha automatica geral,P3060,BRL,1,1,0.80000,100.0000%,0.80,0.00,0.00000,0,0,0.0000%
25 de jul. de 2026 - 25 de jul. de 2026,lixeira pequena de inox de 3 l,"=""68539107677740""",Campanha de Palavra-Chave- L1618-A-o103/07,"=""267194100732843""",Campanha de Palavra-Chave- L1618-A-o103/07,lixeira pequena inox,PHRASE,178029480993742,campanha de palavra chave,L1618-A,BRL,1,1,1.06000,100.0000%,1.06,0.00,0.00000,0,0,0.0000%
25 de jul. de 2026 - 23 de ago. de 2026,lixeira cozinha 30l,"=""230543495581941""",campanha automatica geral DBA-o311/08,"=""306910018834945""",Campanha automatica geral DBA-o311/08,loose-match,TARGETING_EXPRESSION_PREDEFINED,264141269671834,Campanha automatica geral,Q2460-B,BRL,46,1,0.77000,2.1739%,0.77,0.00,0.00000,0,0,0.0000%
28 de jul. de 2026 - 12 de ago. de 2026,lixeira inox para pia de cozinha,"=""230543495581941""",campanha automatica geral DBA-o311/08,"=""306910018834945""",Campanha automatica geral DBA-o311/08,loose-match,TARGETING_EXPRESSION_PREDEFINED,264141269671834,Campanha automatica geral,L2030,BRL,12,1,0.80000,8.3333%,0.80,0.00,0.00000,0,0,0.0000%
20 de ago. de 2026 - 20 de ago. de 2026,lixeira inox 3l sem pedal,"=""230543495581941""",campanha automatica geral DBA-o311/08,"=""306910018834945""",Campanha automatica geral DBA-o311/08,loose-match,TARGETING_EXPRESSION_PREDEFINED,264141269671834,Campanha automatica geral,L1618-T,BRL,2,1,0.32000,50.0000%,0.32,0.00,0.00000,0,0,0.0000%
25 de jul. de 2026 - 23 de ago. de 2026,lixeira 15 litros com pedal,"=""230543495581941""",campanha automatica geral DBA-o311/08,"=""306910018834945""",Campanha automatica geral DBA-o311/08,loose-match,TARGETING_EXPRESSION_PREDEFINED,264141269671834,Campanha automatica geral,P2430,BRL,23,1,0.76000,4.3478%,0.76,0.00,0.00000,0,0,0.0000%
1 de ago. de 2026 - 19 de ago. de 2026,B0H8FBCPWK,"=""3262494915796""",Campanha de Produto Indicado- P3050-o228/07,"=""113839187289861""",Campanha de Produto Indicado- P3050-o228/07,"asin-expanded=""B0CYWMQ93Y""",TARGETING_EXPRESSION,146788124202114,campanha de produto indicado,P3050,BRL,317,2,0.65000,0.6309%,1.30,0.00,0.00000,0,0,0.0000%
11 de ago. de 2026 - 11 de ago. de 2026,B07DS2WRRJ,"=""81989474043493""",Campanha de Produto Indicado- P4080-o115/07,"=""40741820515357""",Campanha de Produto Indicado- P4080-o115/07,"asin-expanded=""B0FQFPFQC3""",TARGETING_EXPRESSION,146788124202114,campanha de produto indicado,P4080,BRL,1,1,0.27000,100.0000%,0.27,0.00,0.00000,0,0,0.0000%
30 de jul. de 2026 - 30 de jul. de 2026,B0GY15R8HL,"=""220339920491993""",Campanha de Produto Indicado- L1618-A-o103/07,"=""216344585748751""",Campanha de Produto Indicado- L1618-A-o103/07,"asin-expanded=""B0FRV2T2ZP""",TARGETING_EXPRESSION,146788124202114,campanha de produto indicado,L1618-A,BRL,1,1,0.58000,100.0000%,0.58,0.00,0.00000,0,0,0.0000%
26 de jul. de 2026 - 15 de ago. de 2026,lixeira 50 litros basculante,"=""230543495581941""",campanha automatica geral DBA-o311/08,"=""306910018834945""",Campanha automatica geral DBA-o311/08,loose-match,TARGETING_EXPRESSION_PREDEFINED,264141269671834,Campanha automatica geral,Q3060-B,BRL,16,2,0.27000,12.5000%,0.54,0.00,0.00000,0,0,0.0000%
4 de ago. de 2026 - 8 de ago. de 2026,lixeira grande,"=""230543495581941""",campanha automatica geral DBA-o311/08,"=""306910018834945""",Campanha automatica geral DBA-o311/08,substitutes,TARGETING_EXPRESSION_PREDEFINED,264141269671834,Campanha automatica geral,P3060ALC,BRL,5,1,0.75000,20.0000%,0.75,0.00,0.00000,0,0,0.0000%
23 de ago. de 2026 - 23 de ago. de 2026,saco de lixo reforçado 60 litros,"=""230543495581941""",campanha automatica geral DBA-o311/08,"=""306910018834945""",Campanha automatica geral DBA-o311/08,loose-match,TARGETING_EXPRESSION_PREDEFINED,264141269671834,Campanha automatica geral,P3070,BRL,1,1,0.72000,100.0000%,0.72,0.00,0.00000,0,0,0.0000%
29 de jul. de 2026 - 23 de ago. de 2026,B0F4T1M1GC,"=""230543495581941""",campanha automatica geral DBA-o311/08,"=""306910018834945""",Campanha automatica geral DBA-o311/08,substitutes,TARGETING_EXPRESSION_PREDEFINED,264141269671834,Campanha automatica geral,P3050,BRL,1152,1,0.36000,0.0868%,0.36,0.00,0.00000,0,0,0.0000%
19 de ago. de 2026 - 23 de ago. de 2026,relogio de parede,"=""234950194216241""",campanha automática individual- SP-PP-o116/07,"=""559914515436204""",campanha automática individual- SP-PP16/07,substitutes,TARGETING_EXPRESSION_PREDEFINED,1383289894499,campanha automatica individual,SP-PP,BRL,1041,1,1.20000,0.0961%,1.20,0.00,0.00000,0,0,0.0000%
18 de ago. de 2026 - 23 de ago. de 2026,lixeira inox para pia cozinha,"=""108804692555847""",Campanha de Palavra-Chave Lixeiras banheiro,"=""28534619762262""",Campanha de Palavra-Chave Lixeiras banheiro,lixeira inox para pia de cozinha,EXACT,99873185432506,Campanhas Manuais Claude,L1623-B,BRL,22,1,1.27000,4.5455%,1.27,0.00,0.00000,0,0,0.0000%
16 de ago. de 2026 - 16 de ago. de 2026,banheiro inox,"=""230543495581941""",campanha automatica geral DBA-o311/08,"=""306910018834945""",Campanha automatica geral DBA-o311/08,close-match,TARGETING_EXPRESSION_PREDEFINED,264141269671834,Campanha automatica geral,L2025-T,BRL,1,1,0.54000,100.0000%,0.54,0.00,0.00000,0,0,0.0000%
26 de jul. de 2026 - 11 de ago. de 2026,B0FWRQ7LM1,"=""126822188430843""",Campanha de Produto Indicado- L2450--CZ-o103/07,"=""136759643121930""",Campanha de Produto Indicado- L2450--CZ-o103/07,"asin-expanded=""B09P8HYP63""",TARGETING_EXPRESSION,146788124202114,campanha de produto indicado,L2450--CZ,BRL,19,1,1.06000,5.2632%,1.06,0.00,0.00000,0,0,0.0000%
27 de jul. de 2026 - 13 de ago. de 2026,lixeira 15 litros inox,"=""230543495581941""",campanha automatica geral DBA-o311/08,"=""306910018834945""",Campanha automatica geral DBA-o311/08,loose-match,TARGETING_EXPRESSION_PREDEFINED,264141269671834,Campanha automatica geral,Q2430-B,BRL,5,1,0.76000,20.0000%,0.76,0.00,0.00000,0,0,0.0000%
22 de ago. de 2026 - 23 de ago. de 2026,B0FPBSJYKD,"=""204200209630375""",Campanha de Produto Indicado- P3070-o228/07,"=""199631127286200""",Campanha de Produto Indicado- P3070-o228/07,"asin-expanded=""B0FRV2T2ZP""",TARGETING_EXPRESSION,146788124202114,campanha de produto indicado,P3070,BRL,3,1,1.10000,33.3333%,1.10,0.00,0.00000,0,0,0.0000%
25 de jul. de 2026 - 25 de jul. de 2026,lixeira inox cozinha reta 15l,"=""59761224759474""",Campanha de Palavra-Chave- L2450-AML-o116/07,"=""95330842647360""",Campanha de Palavra-Chave- L2450-AML-o116/07,lixeira inox para cozinha,PHRASE,178029480993742,campanha de palavra chave,L2450-AML,BRL,1,1,1.68000,100.0000%,1.68,0.00,0.00000,0,0,0.0000%
25 de jul. de 2026 - 23 de ago. de 2026,B0CYY5P6MR,"=""54057381293334""",campanha de produto indicado-P3060-o115/07,"=""162752730016997""",campanha de produto indicado-P3060-o115/07,"asin-expanded=""B0CYY5P6MR""",TARGETING_EXPRESSION,146788124202114,campanha de produto indicado,P3060,BRL,298,1,0.44000,0.3356%,0.44,0.00,0.00000,0,0,0.0000%
30 de jul. de 2026 - 15 de ago. de 2026,lixeira 10l,"=""230543495581941""",campanha automatica geral DBA-o311/08,"=""306910018834945""",Campanha automatica geral DBA-o311/08,loose-match,TARGETING_EXPRESSION_PREDEFINED,264141269671834,Campanha automatica geral,L2030,BRL,4,1,0.25000,25.0000%,0.25,0.00,0.00000,0,0,0.0000%
20 de ago. de 2026 - 23 de ago. de 2026,barzinho de parede,"=""234950194216241""",campanha automática individual- SP-PP-o116/07,"=""559914515436204""",campanha automática individual- SP-PP16/07,substitutes,TARGETING_EXPRESSION_PREDEFINED,1383289894499,campanha automatica individual,SP-PP,BRL,8,1,0.90000,12.5000%,0.90,0.00,0.00000,0,0,0.0000%
2 de ago. de 2026 - 10 de ago. de 2026,lixeira inox 50l,"=""81989474043493""",Campanha de Produto Indicado- P4080-o115/07,"=""40741820515357""",Campanha de Produto Indicado- P4080-o115/07,"asin-expanded=""B07TXWL7SJ""",TARGETING_EXPRESSION,146788124202114,campanha de produto indicado,P4080,BRL,4,1,0.64000,25.0000%,0.64,0.00,0.00000,0,0,0.0000%
3 de ago. de 2026 - 6 de ago. de 2026,B0H6PSTXPY,"=""230543495581941""",campanha automatica geral DBA-o311/08,"=""306910018834945""",Campanha automatica geral DBA-o311/08,substitutes,TARGETING_EXPRESSION_PREDEFINED,264141269671834,Campanha automatica geral,EMB-05P,BRL,7,1,0.54000,14.2857%,0.54,0.00,0.00000,0,0,0.0000%
25 de jul. de 2026 - 22 de ago. de 2026,cesto de lixo banheiro,"=""230543495581941""",campanha automatica geral DBA-o311/08,"=""306910018834945""",Campanha automatica geral DBA-o311/08,substitutes,TARGETING_EXPRESSION_PREDEFINED,264141269671834,Campanha automatica geral,L1618-T,BRL,3,1,0.47000,33.3333%,0.47,0.00,0.00000,0,0,0.0000%
27 de jul. de 2026 - 23 de ago. de 2026,suporte para guarda chuva,"=""230543495581941""",campanha automatica geral DBA-o311/08,"=""306910018834945""",Campanha automatica geral DBA-o311/08,loose-match,TARGETING_EXPRESSION_PREDEFINED,264141269671834,Campanha automatica geral,PG2460,BRL,48,1,0.80000,2.0833%,0.80,0.00,0.00000,0,0,0.0000%
28 de jul. de 2026 - 28 de jul. de 2026,B0F4T1M1GC,"=""3262494915796""",Campanha de Produto Indicado- P3050-o228/07,"=""113839187289861""",Campanha de Produto Indicado- P3050-o228/07,"asin-expanded=""B0CWDJL87P""",TARGETING_EXPRESSION,146788124202114,campanha de produto indicado,P3050,BRL,13,1,0.74000,7.6923%,0.74,0.00,0.00000,0,0,0.0000%
25 de jul. de 2026 - 23 de ago. de 2026,lixo de pia,"=""230543495581941""",campanha automatica geral DBA-o311/08,"=""306910018834945""",Campanha automatica geral DBA-o311/08,loose-match,TARGETING_EXPRESSION_PREDEFINED,264141269671834,Campanha automatica geral,EMB-03,BRL,19,1,0.49000,5.2632%,0.49,0.00,0.00000,0,0,0.0000%
23 de ago. de 2026 - 23 de ago. de 2026,lixeira de embutir cozinha tramontina 8 litros,"=""230543495581941""",campanha automatica geral DBA-o311/08,"=""306910018834945""",Campanha automatica geral DBA-o311/08,loose-match,TARGETING_EXPRESSION_PREDEFINED,264141269671834,Campanha automatica geral,EMB-08,BRL,5,1,0.80000,20.0000%,0.80,0.00,0.00000,0,0,0.0000%
7 de ago. de 2026 - 23 de ago. de 2026,porta chá,"=""60867425277707""",campanha automática inidividual- PXP-o311/08,"=""374068040998928""",campanha automática inidividual- PXP-o311/08,close-match,TARGETING_EXPRESSION_PREDEFINED,1383289894499,campanha automatica individual,PXP,BRL,121,1,1.09000,0.8264%,1.09,0.00,0.00000,0,0,0.0000%
26 de jul. de 2026 - 21 de ago. de 2026,lixo de pia cozinha,"=""230543495581941""",campanha automatica geral DBA-o311/08,"=""306910018834945""",Campanha automatica geral DBA-o311/08,loose-match,TARGETING_EXPRESSION_PREDEFINED,264141269671834,Campanha automatica geral,L1618-T,BRL,9,1,0.79000,11.1111%,0.79,0.00,0.00000,0,0,0.0000%
31 de jul. de 2026 - 31 de jul. de 2026,B0C5JXVDRV,"=""100493751446075""",Campanha de Produto Indicado- L1618-T-o103/07,"=""78690051619891""",Campanha de Produto Indicado- L1618-T-o103/07,"asin-expanded=""B076VYNP9W""",TARGETING_EXPRESSION,146788124202114,campanha de produto indicado,L1618-T,BRL,1,1,0.31000,100.0000%,0.31,0.00,0.00000,0,0,0.0000%
30 de jul. de 2026 - 23 de ago. de 2026,lixeira inox basculante,"=""51280467188765""",Campanha de Produto Indicado- L2030-B-o311/08,"=""39531632646033""",Campanha de Produto Indicado- L2030-B-o311/08,"asin-expanded=""B0DJPXST91""",TARGETING_EXPRESSION,146788124202114,campanha de produto indicado,L2030-B,BRL,13,1,0.92000,7.6923%,0.92,0.00,0.00000,0,0,0.0000%
28 de jul. de 2026 - 19 de ago. de 2026,lixeira inox 20 litros com pedal,"=""230543495581941""",campanha automatica geral DBA-o311/08,"=""306910018834945""",Campanha automatica geral DBA-o311/08,loose-match,TARGETING_EXPRESSION_PREDEFINED,264141269671834,Campanha automatica geral,P2440,BRL,9,1,0.36000,11.1111%,0.36,0.00,0.00000,0,0,0.0000%
6 de ago. de 2026 - 6 de ago. de 2026,lixeira cozinha 30l retangular,"=""230543495581941""",campanha automatica geral DBA-o311/08,"=""306910018834945""",Campanha automatica geral DBA-o311/08,loose-match,TARGETING_EXPRESSION_PREDEFINED,264141269671834,Campanha automatica geral,Q2460-B,BRL,1,1,0.68000,100.0000%,0.68,0.00,0.00000,0,0,0.0000%
9 de ago. de 2026 - 23 de ago. de 2026,lixeira grande cozinha,"=""230543495581941""",campanha automatica geral DBA-o311/08,"=""306910018834945""",Campanha automatica geral DBA-o311/08,loose-match,TARGETING_EXPRESSION_PREDEFINED,264141269671834,Campanha automatica geral,Q2460-B,BRL,5,1,0.77000,20.0000%,0.77,0.00,0.00000,0,0,0.0000%
19 de ago. de 2026 - 19 de ago. de 2026,lixeira basculante bege,"=""230543495581941""",campanha automatica geral DBA-o311/08,"=""306910018834945""",Campanha automatica geral DBA-o311/08,substitutes,TARGETING_EXPRESSION_PREDEFINED,264141269671834,Campanha automatica geral,Q2430-B,BRL,2,1,0.33000,50.0000%,0.33,0.00,0.00000,0,0,0.0000%
6 de ago. de 2026 - 12 de ago. de 2026,B076PP7Y22,"=""230543495581941""",campanha automatica geral DBA-o311/08,"=""306910018834945""",Campanha automatica geral DBA-o311/08,substitutes,TARGETING_EXPRESSION_PREDEFINED,264141269671834,Campanha automatica geral,L1618-T,BRL,5,1,0.68000,20.0000%,0.68,0.00,0.00000,0,0,0.0000%
28 de jul. de 2026 - 23 de ago. de 2026,lixo de pia,"=""230543495581941""",campanha automatica geral DBA-o311/08,"=""306910018834945""",Campanha automatica geral DBA-o311/08,loose-match,TARGETING_EXPRESSION_PREDEFINED,264141269671834,Campanha automatica geral,L1618-T,BRL,18,1,0.80000,5.5556%,0.80,0.00,0.00000,0,0,0.0000%
11 de ago. de 2026 - 13 de ago. de 2026,lixeira dupla alta,"=""230543495581941""",campanha automatica geral DBA-o311/08,"=""306910018834945""",Campanha automatica geral DBA-o311/08,loose-match,TARGETING_EXPRESSION_PREDEFINED,264141269671834,Campanha automatica geral,Q2460-B,BRL,2,1,0.27000,50.0000%,0.27,0.00,0.00000,0,0,0.0000%
3 de ago. de 2026 - 20 de ago. de 2026,lixeira inox 100 litros com pedal,"=""230543495581941""",campanha automatica geral DBA-o311/08,"=""306910018834945""",Campanha automatica geral DBA-o311/08,loose-match,TARGETING_EXPRESSION_PREDEFINED,264141269671834,Campanha automatica geral,P4080ALC,BRL,10,1,0.10000,10.0000%,0.10,0.00,0.00000,0,0,0.0000%
29 de jul. de 2026 - 30 de jul. de 2026,B0F4SRV3MY,"=""81989474043493""",Campanha de Produto Indicado- P4080-o115/07,"=""40741820515357""",Campanha de Produto Indicado- P4080-o115/07,"asin-expanded=""B0G76LV6NK""",TARGETING_EXPRESSION,146788124202114,campanha de produto indicado,P4080,BRL,3,1,0.08000,33.3333%,0.08,0.00,0.00000,0,0,0.0000%
10 de ago. de 2026 - 10 de ago. de 2026,lixeira com pedal redonda 60 litros,"=""230543495581941""",campanha automatica geral DBA-o311/08,"=""306910018834945""",Campanha automatica geral DBA-o311/08,close-match,TARGETING_EXPRESSION_PREDEFINED,264141269671834,Campanha automatica geral,P3070,BRL,1,1,0.10000,100.0000%,0.10,0.00,0.00000,0,0,0.0000%
23 de ago. de 2026 - 23 de ago. de 2026,lixeira para banheiro inox,"=""230543495581941""",campanha automatica geral DBA-o311/08,"=""306910018834945""",Campanha automatica geral DBA-o311/08,loose-match,TARGETING_EXPRESSION_PREDEFINED,264141269671834,Campanha automatica geral,L1623-B,BRL,1,1,0.75000,100.0000%,0.75,0.00,0.00000,0,0,0.0000%
29 de jul. de 2026 - 23 de ago. de 2026,B0H8FBCPWK,"=""230543495581941""",campanha automatica geral DBA-o311/08,"=""306910018834945""",Campanha automatica geral DBA-o311/08,substitutes,TARGETING_EXPRESSION_PREDEFINED,264141269671834,Campanha automatica geral,P3050,BRL,419,1,0.80000,0.2387%,0.80,0.00,0.00000,0,0,0.0000%
23 de ago. de 2026 - 23 de ago. de 2026,lixeira de cozinha 40 litros automática,"=""230543495581941""",campanha automatica geral DBA-o311/08,"=""306910018834945""",Campanha automatica geral DBA-o311/08,loose-match,TARGETING_EXPRESSION_PREDEFINED,264141269671834,Campanha automatica geral,L3060-A,BRL,5,1,0.71000,20.0000%,0.71,0.00,0.00000,0,0,0.0000%
5 de ago. de 2026 - 6 de ago. de 2026,lixeira com pedal 50 litros inox retangular,"=""230543495581941""",campanha automatica geral DBA-o311/08,"=""306910018834945""",Campanha automatica geral DBA-o311/08,loose-match,TARGETING_EXPRESSION_PREDEFINED,264141269671834,Campanha automatica geral,P3070,BRL,2,1,0.59000,50.0000%,0.59,0.00,0.00000,0,0,0.0000%
29 de jul. de 2026 - 22 de ago. de 2026,lixo banheiro inox,"=""230543495581941""",campanha automatica geral DBA-o311/08,"=""306910018834945""",Campanha automatica geral DBA-o311/08,substitutes,TARGETING_EXPRESSION_PREDEFINED,264141269671834,Campanha automatica geral,L2025-T,BRL,5,1,0.80000,20.0000%,0.80,0.00,0.00000,0,0,0.0000%
5 de ago. de 2026 - 5 de ago. de 2026,lixeira com pedal 50 litros inox retangular,"=""230543495581941""",campanha automatica geral DBA-o311/08,"=""306910018834945""",Campanha automatica geral DBA-o311/08,loose-match,TARGETING_EXPRESSION_PREDEFINED,264141269671834,Campanha automatica geral,Q2460-B,BRL,1,1,0.67000,100.0000%,0.67,0.00,0.00000,0,0,0.0000%
10 de ago. de 2026 - 23 de ago. de 2026,lixeira prateada banheiro,"=""230543495581941""",campanha automatica geral DBA-o311/08,"=""306910018834945""",Campanha automatica geral DBA-o311/08,loose-match,TARGETING_EXPRESSION_PREDEFINED,264141269671834,Campanha automatica geral,L2025-T,BRL,3,2,0.61500,66.6667%,1.23,0.00,0.00000,0,0,0.0000%
22 de ago. de 2026 - 22 de ago. de 2026,lixeira inox brinox,"=""230543495581941""",campanha automatica geral DBA-o311/08,"=""306910018834945""",Campanha automatica geral DBA-o311/08,loose-match,TARGETING_EXPRESSION_PREDEFINED,264141269671834,Campanha automatica geral,L2025-T,BRL,2,1,0.68000,50.0000%,0.68,0.00,0.00000,0,0,0.0000%
27 de jul. de 2026 - 21 de ago. de 2026,suporte para extintor,"=""163724971822822""",campanha automática individual- PXM-o228/07,"=""560459911677559""",campanha automática individual- PXM-o228/07,close-match,TARGETING_EXPRESSION_PREDEFINED,1383289894499,campanha automatica individual,PXM,BRL,13,1,0.50000,7.6923%,0.50,0.00,0.00000,0,0,0.0000%
28 de jul. de 2026 - 11 de ago. de 2026,lixo para pia de cozinha,"=""230543495581941""",campanha automatica geral DBA-o311/08,"=""306910018834945""",Campanha automatica geral DBA-o311/08,substitutes,TARGETING_EXPRESSION_PREDEFINED,264141269671834,Campanha automatica geral,L1618-T,BRL,6,1,0.51000,16.6667%,0.51,0.00,0.00000,0,0,0.0000%
27 de jul. de 2026 - 23 de ago. de 2026,lixeira 50l,"=""54057381293334""",campanha de produto indicado-P3060-o115/07,"=""162752730016997""",campanha de produto indicado-P3060-o115/07,"asin-expanded=""B0CYWMQ93Y""",TARGETING_EXPRESSION,146788124202114,campanha de produto indicado,P3060,BRL,96,1,0.75000,1.0417%,0.75,0.00,0.00000,0,0,0.0000%
27 de jul. de 2026 - 19 de ago. de 2026,lixeira 100l com pedal,"=""230543495581941""",campanha automatica geral DBA-o311/08,"=""306910018834945""",Campanha automatica geral DBA-o311/08,loose-match,TARGETING_EXPRESSION_PREDEFINED,264141269671834,Campanha automatica geral,P4080ALC,BRL,16,1,0.77000,6.2500%,0.77,0.00,0.00000,0,0,0.0000%
4 de ago. de 2026 - 23 de ago. de 2026,B07TXWL7SJ,"=""230543495581941""",campanha automatica geral DBA-o311/08,"=""306910018834945""",Campanha automatica geral DBA-o311/08,substitutes,TARGETING_EXPRESSION_PREDEFINED,264141269671834,Campanha automatica geral,L2470-B,BRL,11,1,0.80000,9.0909%,0.80,0.00,0.00000,0,0,0.0000%
25 de jul. de 2026 - 23 de ago. de 2026,B0CZ4DFCMW,"=""54057381293334""",campanha de produto indicado-P3060-o115/07,"=""162752730016997""",campanha de produto indicado-P3060-o115/07,"asin-expanded=""B0CZ4DFCMW""",TARGETING_EXPRESSION,146788124202114,campanha de produto indicado,P3060,BRL,91,1,0.44000,1.0989%,0.44,0.00,0.00000,0,0,0.0000%
4 de ago. de 2026 - 4 de ago. de 2026,bituqueira,"=""229314137254983""",Campanha de Produto Indicado- SP-FF-o103/07,"=""274667933716671""",Campanha de Produto Indicado- SP-FF-o103/07,"asin-expanded=""B0D7DV81YZ""",TARGETING_EXPRESSION,146788124202114,campanha de produto indicado,SP-FF,BRL,1,1,0.42000,100.0000%,0.42,0.00,0.00000,0,0,0.0000%
29 de jul. de 2026 - 15 de ago. de 2026,B0G497Z2WM,"=""39066415309857""",Campanha de Produto Indicado- PXP-o103/07,"=""107384110271466""",Campanha de Produto Indicado- PXP-o103/07,"asin-expanded=""B0G497Z2WM""",TARGETING_EXPRESSION,146788124202114,campanha de produto indicado,PXP,BRL,10,1,0.54000,10.0000%,0.54,0.00,0.00000,0,0,0.0000%
12 de ago. de 2026 - 12 de ago. de 2026,lixo simples inox,"=""230543495581941""",campanha automatica geral DBA-o311/08,"=""306910018834945""",Campanha automatica geral DBA-o311/08,loose-match,TARGETING_EXPRESSION_PREDEFINED,264141269671834,Campanha automatica geral,L2025-T,BRL,1,1,0.79000,100.0000%,0.79,0.00,0.00000,0,0,0.0000%
30 de jul. de 2026 - 23 de ago. de 2026,B09C6MFCNN,"=""230543495581941""",campanha automatica geral DBA-o311/08,"=""306910018834945""",Campanha automatica geral DBA-o311/08,substitutes,TARGETING_EXPRESSION_PREDEFINED,264141269671834,Campanha automatica geral,P4080,BRL,60,1,0.66000,1.6667%,0.66,0.00,0.00000,0,0,0.0000%
6 de ago. de 2026 - 8 de ago. de 2026,lixeira de lavabo,"=""230543495581941""",campanha automatica geral DBA-o311/08,"=""306910018834945""",Campanha automatica geral DBA-o311/08,substitutes,TARGETING_EXPRESSION_PREDEFINED,264141269671834,Campanha automatica geral,L1623-A,BRL,3,1,0.54000,33.3333%,0.54,0.00,0.00000,0,0,0.0000%
5 de ago. de 2026 - 5 de ago. de 2026,lixeira cozinha com tampa,"=""230543495581941""",campanha automatica geral DBA-o311/08,"=""306910018834945""",Campanha automatica geral DBA-o311/08,loose-match,TARGETING_EXPRESSION_PREDEFINED,264141269671834,Campanha automatica geral,L2025-T,BRL,2,1,0.79000,50.0000%,0.79,0.00,0.00000,0,0,0.0000%
30 de jul. de 2026 - 7 de ago. de 2026,lixeira 40 litros com pedal,"=""230543495581941""",campanha automatica geral DBA-o311/08,"=""306910018834945""",Campanha automatica geral DBA-o311/08,close-match,TARGETING_EXPRESSION_PREDEFINED,264141269671834,Campanha automatica geral,P3050,BRL,5,1,0.68000,20.0000%,0.68,0.00,0.00000,0,0,0.0000%
28 de jul. de 2026 - 28 de jul. de 2026,lixo cozinha,"=""6383857296458""",campanha automática individual- P3050-o102/07,"=""383083034260814""",campanha automática individual- P3050,substitutes,TARGETING_EXPRESSION_PREDEFINED,1383289894499,campanha automatica individual,P3050,BRL,1,1,1.04000,100.0000%,1.04,0.00,0.00000,0,0,0.0000%
11 de ago. de 2026 - 11 de ago. de 2026,B076JKNX9Q,"=""230543495581941""",campanha automatica geral DBA-o311/08,"=""306910018834945""",Campanha automatica geral DBA-o311/08,substitutes,TARGETING_EXPRESSION_PREDEFINED,264141269671834,Campanha automatica geral,L1618-A,BRL,1,1,0.25000,100.0000%,0.25,0.00,0.00000,0,0,0.0000%
20 de ago. de 2026 - 23 de ago. de 2026,prateleira cozinha parede,"=""234950194216241""",campanha automática individual- SP-PP-o116/07,"=""559914515436204""",campanha automática individual- SP-PP16/07,substitutes,TARGETING_EXPRESSION_PREDEFINED,1383289894499,campanha automatica individual,SP-PP,BRL,7,1,1.29000,14.2857%,1.29,0.00,0.00000,0,0,0.0000%
11 de ago. de 2026 - 23 de ago. de 2026,lixeira banheiro 7 litros,"=""108804692555847""",Campanha de Palavra-Chave Lixeiras banheiro,"=""28534619762262""",Campanha de Palavra-Chave Lixeiras banheiro,lixeira banheiro 7 litros,EXACT,99873185432506,Campanhas Manuais Claude,L2025-B,BRL,37,2,1.43000,5.4054%,2.86,0.00,0.00000,0,0,0.0000%
27 de jul. de 2026 - 17 de ago. de 2026,extintor residencial,"=""163724971822822""",campanha automática individual- PXM-o228/07,"=""560459911677559""",campanha automática individual- PXM-o228/07,loose-match,TARGETING_EXPRESSION_PREDEFINED,1383289894499,campanha automatica individual,PXM,BRL,6,1,1.64000,16.6667%,1.64,0.00,0.00000,0,0,0.0000%
18 de ago. de 2026 - 18 de ago. de 2026,lixeira banheiro basculante 12l,"=""230543495581941""",campanha automatica geral DBA-o311/08,"=""306910018834945""",Campanha automatica geral DBA-o311/08,loose-match,TARGETING_EXPRESSION_PREDEFINED,264141269671834,Campanha automatica geral,L2030-B,BRL,1,1,0.33000,100.0000%,0.33,0.00,0.00000,0,0,0.0000%
4 de ago. de 2026 - 23 de ago. de 2026,B0FCH6P3LQ,"=""230543495581941""",campanha automatica geral DBA-o311/08,"=""306910018834945""",Campanha automatica geral DBA-o311/08,substitutes,TARGETING_EXPRESSION_PREDEFINED,264141269671834,Campanha automatica geral,P3070,BRL,17,1,0.20000,5.8824%,0.20,0.00,0.00000,0,0,0.0000%
3 de ago. de 2026 - 21 de ago. de 2026,lixeira grande 50l inox,"=""230543495581941""",campanha automatica geral DBA-o311/08,"=""306910018834945""",Campanha automatica geral DBA-o311/08,loose-match,TARGETING_EXPRESSION_PREDEFINED,264141269671834,Campanha automatica geral,P3060,BRL,6,1,0.59000,16.6667%,0.59,0.00,0.00000,0,0,0.0000%
25 de jul. de 2026 - 16 de ago. de 2026,inox,"=""28062808738738""",campanha automática individual- SP-01-o116/07,"=""363447608352999""",campanha automática individual- SP-01-o116/07,close-match,TARGETING_EXPRESSION_PREDEFINED,1383289894499,campanha automatica individual,SP-01,BRL,30,1,0.85000,3.3333%,0.85,0.00,0.00000,0,0,0.0000%
26 de jul. de 2026 - 15 de ago. de 2026,B0H2NMTDNR,"=""204200209630375""",Campanha de Produto Indicado- P3070-o228/07,"=""199631127286200""",Campanha de Produto Indicado- P3070-o228/07,"asin-expanded=""B0CXVQRPK7""",TARGETING_EXPRESSION,146788124202114,campanha de produto indicado,P3070,BRL,39,1,1.00000,2.5641%,1.00,0.00,0.00000,0,0,0.0000%
1 de ago. de 2026 - 5 de ago. de 2026,lixeira inox para pia de cozinha,"=""230543495581941""",campanha automatica geral DBA-o311/08,"=""306910018834945""",Campanha automatica geral DBA-o311/08,loose-match,TARGETING_EXPRESSION_PREDEFINED,264141269671834,Campanha automatica geral,L1618-T,BRL,3,1,0.76000,33.3333%,0.76,0.00,0.00000,0,0,0.0000%
27 de jul. de 2026 - 19 de ago. de 2026,lixeira embutida pia cozinha,"=""230543495581941""",campanha automatica geral DBA-o311/08,"=""306910018834945""",Campanha automatica geral DBA-o311/08,loose-match,TARGETING_EXPRESSION_PREDEFINED,264141269671834,Campanha automatica geral,EMB-08,BRL,9,1,0.63000,11.1111%,0.63,0.00,0.00000,0,0,0.0000%
3 de ago. de 2026 - 18 de ago. de 2026,lixeira cozinha pia,"=""230543495581941""",campanha automatica geral DBA-o311/08,"=""306910018834945""",Campanha automatica geral DBA-o311/08,substitutes,TARGETING_EXPRESSION_PREDEFINED,264141269671834,Campanha automatica geral,L2025-T,BRL,8,2,0.48000,25.0000%,0.96,0.00,0.00000,0,0,0.0000%
20 de ago. de 2026 - 23 de ago. de 2026,arara de roupas de parede,"=""234950194216241""",campanha automática individual- SP-PP-o116/07,"=""559914515436204""",campanha automática individual- SP-PP16/07,substitutes,TARGETING_EXPRESSION_PREDEFINED,1383289894499,campanha automatica individual,SP-PP,BRL,19,1,1.32000,5.2632%,1.32,0.00,0.00000,0,0,0.0000%
25 de jul. de 2026 - 19 de ago. de 2026,B0FWRQ7LM1,"=""118770317056339""",Campanha de Produto Indicado- L2470-CZ-o228/07,"=""14733660752446""",Campanha de Produto Indicado- L2470-CZ-o228/07,"asin-expanded=""B0FWRQ7LM1""",TARGETING_EXPRESSION,146788124202114,campanha de produto indicado,L2470-CZ,BRL,83,1,0.87000,1.2048%,0.87,0.00,0.00000,0,0,0.0000%
27 de jul. de 2026 - 21 de ago. de 2026,lixeira basculante 5 litros,"=""230543495581941""",campanha automatica geral DBA-o311/08,"=""306910018834945""",Campanha automatica geral DBA-o311/08,loose-match,TARGETING_EXPRESSION_PREDEFINED,264141269671834,Campanha automatica geral,L1623-B,BRL,11,1,0.83000,9.0909%,0.83,0.00,0.00000,0,0,0.0000%
21 de ago. de 2026 - 21 de ago. de 2026,lixeira inox basculante quadrado,"=""230543495581941""",campanha automatica geral DBA-o311/08,"=""306910018834945""",Campanha automatica geral DBA-o311/08,close-match,TARGETING_EXPRESSION_PREDEFINED,264141269671834,Campanha automatica geral,Q3060-B,BRL,1,1,0.10000,100.0000%,0.10,0.00,0.00000,0,0,0.0000%
25 de jul. de 2026 - 26 de jul. de 2026,cinzeiro silicone,"=""118770317056339""",Campanha de Produto Indicado- L2470-CZ-o228/07,"=""14733660752446""",Campanha de Produto Indicado- L2470-CZ-o228/07,"asin-expanded=""B0C9JNF8QT""",TARGETING_EXPRESSION,146788124202114,campanha de produto indicado,L2470-CZ,BRL,13,2,1.37000,15.3846%,2.74,0.00,0.00000,0,0,0.0000%
28 de jul. de 2026 - 23 de ago. de 2026,lixeira 60 litros com pedal,"=""230543495581941""",campanha automatica geral DBA-o311/08,"=""306910018834945""",Campanha automatica geral DBA-o311/08,loose-match,TARGETING_EXPRESSION_PREDEFINED,264141269671834,Campanha automatica geral,P3070,BRL,28,1,0.61000,3.5714%,0.61,0.00,0.00000,0,0,0.0000%
6 de ago. de 2026 - 6 de ago. de 2026,lixeira com pedal 50 litros inox retangular,"=""230543495581941""",campanha automatica geral DBA-o311/08,"=""306910018834945""",Campanha automatica geral DBA-o311/08,loose-match,TARGETING_EXPRESSION_PREDEFINED,264141269671834,Campanha automatica geral,P4080,BRL,1,1,0.80000,100.0000%,0.80,0.00,0.00000,0,0,0.0000%
28 de jul. de 2026 - 28 de jul. de 2026,lixeira meia lua 13 l,"=""230543495581941""",campanha automatica geral DBA-o311/08,"=""306910018834945""",Campanha automatica geral DBA-o311/08,loose-match,TARGETING_EXPRESSION_PREDEFINED,264141269671834,Campanha automatica geral,L2425-AML,BRL,1,1,0.10000,100.0000%,0.10,0.00,0.00000,0,0,0.0000%
23 de ago. de 2026 - 23 de ago. de 2026,B076TQWDX3,"=""230543495581941""",campanha automatica geral DBA-o311/08,"=""306910018834945""",Campanha automatica geral DBA-o311/08,substitutes,TARGETING_EXPRESSION_PREDEFINED,264141269671834,Campanha automatica geral,P3060,BRL,1,1,0.55000,100.0000%,0.55,0.00,0.00000,0,0,0.0000%
7 de ago. de 2026 - 23 de ago. de 2026,lixeira brinox,"=""230543495581941""",campanha automatica geral DBA-o311/08,"=""306910018834945""",Campanha automatica geral DBA-o311/08,loose-match,TARGETING_EXPRESSION_PREDEFINED,264141269671834,Campanha automatica geral,L2025-T,BRL,22,2,0.72500,9.0909%,1.45,0.00,0.00000,0,0,0.0000%
23 de ago. de 2026 - 23 de ago. de 2026,lixeira inox 10l sem tampa,"=""230543495581941""",campanha automatica geral DBA-o311/08,"=""306910018834945""",Campanha automatica geral DBA-o311/08,loose-match,TARGETING_EXPRESSION_PREDEFINED,264141269671834,Campanha automatica geral,L1618,BRL,1,1,0.73000,100.0000%,0.73,0.00,0.00000,0,0,0.0000%
29 de jul. de 2026 - 18 de ago. de 2026,cinzeiro inox,"=""230543495581941""",campanha automatica geral DBA-o311/08,"=""306910018834945""",Campanha automatica geral DBA-o311/08,close-match,TARGETING_EXPRESSION_PREDEFINED,264141269671834,Campanha automatica geral,L2470-CZ,BRL,22,1,0.10000,4.5455%,0.10,0.00,0.00000,0,0,0.0000%
25 de jul. de 2026 - 26 de jul. de 2026,B0BHMZBZW9,"=""3262494915796""",Campanha de Produto Indicado- P3050-o228/07,"=""113839187289861""",Campanha de Produto Indicado- P3050-o228/07,"asin-expanded=""B0D5C16YXJ""",TARGETING_EXPRESSION,146788124202114,campanha de produto indicado,P3050,BRL,9,1,0.64000,11.1111%,0.64,0.00,0.00000,0,0,0.0000%
10 de ago. de 2026 - 10 de ago. de 2026,lixeira inox sem tampa,"=""230543495581941""",campanha automatica geral DBA-o311/08,"=""306910018834945""",Campanha automatica geral DBA-o311/08,loose-match,TARGETING_EXPRESSION_PREDEFINED,264141269671834,Campanha automatica geral,L1623-A,BRL,2,1,0.63000,50.0000%,0.63,0.00,0.00000,0,0,0.0000%
25 de jul. de 2026 - 29 de jul. de 2026,cinzeiro,"=""227010809046493""",campanha automática individual- L2470-CZ-o102/07,"=""481100214225083""",campanha automática individual- L2470-CZ-o102/07,substitutes,TARGETING_EXPRESSION_PREDEFINED,1383289894499,campanha automatica individual,L2470-CZ,BRL,23,1,1.04000,4.3478%,1.04,0.00,0.00000,0,0,0.0000%
18 de ago. de 2026 - 19 de ago. de 2026,B0FKTG486L,"=""230543495581941""",campanha automatica geral DBA-o311/08,"=""306910018834945""",Campanha automatica geral DBA-o311/08,substitutes,TARGETING_EXPRESSION_PREDEFINED,264141269671834,Campanha automatica geral,L4080-A,BRL,2,1,0.54000,50.0000%,0.54,0.00,0.00000,0,0,0.0000%
11 de ago. de 2026 - 11 de ago. de 2026,lixeira estreita inox,"=""230543495581941""",campanha automatica geral DBA-o311/08,"=""306910018834945""",Campanha automatica geral DBA-o311/08,loose-match,TARGETING_EXPRESSION_PREDEFINED,264141269671834,Campanha automatica geral,Q2460-B,BRL,1,1,0.23000,100.0000%,0.23,0.00,0.00000,0,0,0.0000%
15 de ago. de 2026 - 15 de ago. de 2026,B0GR21DJC2,"=""204200209630375""",Campanha de Produto Indicado- P3070-o228/07,"=""199631127286200""",Campanha de Produto Indicado- P3070-o228/07,"asin-expanded=""B0GWJZTXFG""",TARGETING_EXPRESSION,146788124202114,campanha de produto indicado,P3070,BRL,1,1,1.10000,100.0000%,1.10,0.00,0.00000,0,0,0.0000%
9 de ago. de 2026 - 9 de ago. de 2026,lixeira para banheiro inox manual,"=""230543495581941""",campanha automatica geral DBA-o311/08,"=""306910018834945""",Campanha automatica geral DBA-o311/08,loose-match,TARGETING_EXPRESSION_PREDEFINED,264141269671834,Campanha automatica geral,L2430-A,BRL,1,1,0.76000,100.0000%,0.76,0.00,0.00000,0,0,0.0000%
25 de jul. de 2026 - 23 de ago. de 2026,B0778TD2LY,"=""204200209630375""",Campanha de Produto Indicado- P3070-o228/07,"=""199631127286200""",Campanha de Produto Indicado- P3070-o228/07,"asin-expanded=""B0778TD2LY""",TARGETING_EXPRESSION,146788124202114,campanha de produto indicado,P3070,BRL,13,1,1.40000,7.6923%,1.40,0.00,0.00000,0,0,0.0000%
25 de jul. de 2026 - 11 de ago. de 2026,B076PLZ1PV,"=""230543495581941""",campanha automatica geral DBA-o311/08,"=""306910018834945""",Campanha automatica geral DBA-o311/08,substitutes,TARGETING_EXPRESSION_PREDEFINED,264141269671834,Campanha automatica geral,L2025-T,BRL,26,3,0.46333,11.5385%,1.39,0.00,0.00000,0,0,0.0000%
30 de jul. de 2026 - 23 de ago. de 2026,B0C89VNYBT,"=""230543495581941""",campanha automatica geral DBA-o311/08,"=""306910018834945""",Campanha automatica geral DBA-o311/08,substitutes,TARGETING_EXPRESSION_PREDEFINED,264141269671834,Campanha automatica geral,L2470-B,BRL,9,1,0.17000,11.1111%,0.17,0.00,0.00000,0,0,0.0000%
27 de jul. de 2026 - 28 de jul. de 2026,lixeira 30 litros basculante,"=""246652946970837""",campanha automática individual- L2470-B-o115/07,"=""334383283177829""",campanha automática individual- L2470-B-o115/07,close-match,TARGETING_EXPRESSION_PREDEFINED,1383289894499,campanha automatica individual,L2470-B,BRL,4,1,0.09000,25.0000%,0.09,0.00,0.00000,0,0,0.0000%
22 de ago. de 2026 - 22 de ago. de 2026,lixeira quadrada de inox de 50 litros com tampa basculante,"=""230543495581941""",campanha automatica geral DBA-o311/08,"=""306910018834945""",Campanha automatica geral DBA-o311/08,loose-match,TARGETING_EXPRESSION_PREDEFINED,264141269671834,Campanha automatica geral,Q3060-B,BRL,1,1,0.23000,100.0000%,0.23,0.00,0.00000,0,0,0.0000%
29 de jul. de 2026 - 21 de ago. de 2026,extintor abc,"=""163724971822822""",campanha automática individual- PXM-o228/07,"=""560459911677559""",campanha automática individual- PXM-o228/07,close-match,TARGETING_EXPRESSION_PREDEFINED,1383289894499,campanha automatica individual,PXM,BRL,8,1,0.74000,12.5000%,0.74,0.00,0.00000,0,0,0.0000%
8 de ago. de 2026 - 9 de ago. de 2026,B0F2NBD56M,"=""100493751446075""",Campanha de Produto Indicado- L1618-T-o103/07,"=""78690051619891""",Campanha de Produto Indicado- L1618-T-o103/07,"asin-expanded=""B076JHMMYG""",TARGETING_EXPRESSION,146788124202114,campanha de produto indicado,L1618-T,BRL,2,1,0.69000,50.0000%,0.69,0.00,0.00000,0,0,0.0000%
7 de ago. de 2026 - 7 de ago. de 2026,B0GWRTY1N6,"=""100493751446075""",Campanha de Produto Indicado- L1618-T-o103/07,"=""78690051619891""",Campanha de Produto Indicado- L1618-T-o103/07,"asin-expanded=""B07NYF9V18""",TARGETING_EXPRESSION,146788124202114,campanha de produto indicado,L1618-T,BRL,1,1,0.69000,100.0000%,0.69,0.00,0.00000,0,0,0.0000%
26 de jul. de 2026 - 26 de jul. de 2026,lixeira inox tampa basculante,"=""245513710362262""",Campanha de Palavra-Chave- L2030-B-o103/07,"=""7667999543220""",Campanha de Palavra-Chave- L2030-B-o103/07,lixeira inox com tampa basculante,EXACT,178029480993742,campanha de palavra chave,L2030-B,BRL,2,1,1.57000,50.0000%,1.57,0.00,0.00000,0,0,0.0000%
12 de ago. de 2026 - 19 de ago. de 2026,lixeira 15 litros com pedal inox,"=""230543495581941""",campanha automatica geral DBA-o311/08,"=""306910018834945""",Campanha automatica geral DBA-o311/08,loose-match,TARGETING_EXPRESSION_PREDEFINED,264141269671834,Campanha automatica geral,P2430,BRL,1,1,0.61000,100.0000%,0.61,0.00,0.00000,0,0,0.0000%
4 de ago. de 2026 - 23 de ago. de 2026,lixeira grande,"=""230543495581941""",campanha automatica geral DBA-o311/08,"=""306910018834945""",Campanha automatica geral DBA-o311/08,loose-match,TARGETING_EXPRESSION_PREDEFINED,264141269671834,Campanha automatica geral,L2460-AML,BRL,11,1,0.76000,9.0909%,0.76,0.00,0.00000,0,0,0.0000%
26 de jul. de 2026 - 23 de ago. de 2026,lixeira para banheiro,"=""230543495581941""",campanha automatica geral DBA-o311/08,"=""306910018834945""",Campanha automatica geral DBA-o311/08,substitutes,TARGETING_EXPRESSION_PREDEFINED,264141269671834,Campanha automatica geral,L2025-T,BRL,20,1,0.69000,5.0000%,0.69,0.00,0.00000,0,0,0.0000%
25 de jul. de 2026 - 23 de ago. de 2026,lixeira dourada,"=""230543495581941""",campanha automatica geral DBA-o311/08,"=""306910018834945""",Campanha automatica geral DBA-o311/08,loose-match,TARGETING_EXPRESSION_PREDEFINED,264141269671834,Campanha automatica geral,L2025-T,BRL,24,1,0.79000,4.1667%,0.79,0.00,0.00000,0,0,0.0000%
4 de ago. de 2026 - 23 de ago. de 2026,B092CD37XJ,"=""230543495581941""",campanha automatica geral DBA-o311/08,"=""306910018834945""",Campanha automatica geral DBA-o311/08,substitutes,TARGETING_EXPRESSION_PREDEFINED,264141269671834,Campanha automatica geral,L2460-A,BRL,198,1,0.75000,0.5051%,0.75,0.00,0.00000,0,0,0.0000%
25 de jul. de 2026 - 23 de ago. de 2026,lixo 50l,"=""230543495581941""",campanha automatica geral DBA-o311/08,"=""306910018834945""",Campanha automatica geral DBA-o311/08,loose-match,TARGETING_EXPRESSION_PREDEFINED,264141269671834,Campanha automatica geral,P3060,BRL,27,1,0.94000,3.7037%,0.94,0.00,0.00000,0,0,0.0000%
6 de ago. de 2026 - 14 de ago. de 2026,suporte extintor,"=""163724971822822""",campanha automática individual- PXM-o228/07,"=""560459911677559""",campanha automática individual- PXM-o228/07,substitutes,TARGETING_EXPRESSION_PREDEFINED,1383289894499,campanha automatica individual,PXM,BRL,3,1,0.58000,33.3333%,0.58,0.00,0.00000,0,0,0.0000%
17 de ago. de 2026 - 18 de ago. de 2026,B0H5CSY3CT,"=""204200209630375""",Campanha de Produto Indicado- P3070-o228/07,"=""199631127286200""",Campanha de Produto Indicado- P3070-o228/07,"asin-expanded=""B0F4T8FCDD""",TARGETING_EXPRESSION,146788124202114,campanha de produto indicado,P3070,BRL,6,1,0.66000,16.6667%,0.66,0.00,0.00000,0,0,0.0000%
5 de ago. de 2026 - 5 de ago. de 2026,lixeira 7 litros cozinha bambu,"=""230543495581941""",campanha automatica geral DBA-o311/08,"=""306910018834945""",Campanha automatica geral DBA-o311/08,loose-match,TARGETING_EXPRESSION_PREDEFINED,264141269671834,Campanha automatica geral,L2025-T,BRL,2,1,0.80000,50.0000%,0.80,0.00,0.00000,0,0,0.0000%
25 de jul. de 2026 - 23 de ago. de 2026,lixeira 40 litros com pedal,"=""230543495581941""",campanha automatica geral DBA-o311/08,"=""306910018834945""",Campanha automatica geral DBA-o311/08,loose-match,TARGETING_EXPRESSION_PREDEFINED,264141269671834,Campanha automatica geral,P3050ALC,BRL,34,1,0.80000,2.9412%,0.80,0.00,0.00000,0,0,0.0000%
21 de ago. de 2026 - 21 de ago. de 2026,cesto de lixo inox2 litros,"=""230543495581941""",campanha automatica geral DBA-o311/08,"=""306910018834945""",Campanha automatica geral DBA-o311/08,loose-match,TARGETING_EXPRESSION_PREDEFINED,264141269671834,Campanha automatica geral,L1618-T,BRL,1,1,0.68000,100.0000%,0.68,0.00,0.00000,0,0,0.0000%
1 de ago. de 2026 - 23 de ago. de 2026,B0CYWMQ93Y,"=""230543495581941""",campanha automatica geral DBA-o311/08,"=""306910018834945""",Campanha automatica geral DBA-o311/08,substitutes,TARGETING_EXPRESSION_PREDEFINED,264141269671834,Campanha automatica geral,L3085-B,BRL,6,1,0.25000,16.6667%,0.25,0.00,0.00000,0,0,0.0000%
6 de ago. de 2026 - 6 de ago. de 2026,cesto de lixo para banheiro,"=""230543495581941""",campanha automatica geral DBA-o311/08,"=""306910018834945""",Campanha automatica geral DBA-o311/08,loose-match,TARGETING_EXPRESSION_PREDEFINED,264141269671834,Campanha automatica geral,L2030-B,BRL,1,1,0.79000,100.0000%,0.79,0.00,0.00000,0,0,0.0000%
3 de ago. de 2026 - 17 de ago. de 2026,extintor residencial,"=""60867425277707""",campanha automática inidividual- PXP-o311/08,"=""374068040998928""",campanha automática inidividual- PXP-o311/08,loose-match,TARGETING_EXPRESSION_PREDEFINED,1383289894499,campanha automatica individual,PXP,BRL,5,1,0.36000,20.0000%,0.36,0.00,0.00000,0,0,0.0000%
4 de ago. de 2026 - 23 de ago. de 2026,lixeira grande,"=""230543495581941""",campanha automatica geral DBA-o311/08,"=""306910018834945""",Campanha automatica geral DBA-o311/08,loose-match,TARGETING_EXPRESSION_PREDEFINED,264141269671834,Campanha automatica geral,L2425-AML,BRL,6,1,0.80000,16.6667%,0.80,0.00,0.00000,0,0,0.0000%
8 de ago. de 2026 - 21 de ago. de 2026,lixeira com cinzeiro,"=""160875308766462""",Campanha de Palavra-Chave Cinzeiros,"=""197709452963098""",Campanha de Palavra-Chave Cinzeiros,lixeira com cinzeiro,EXACT,99873185432506,Campanhas Manuais Claude,L2470-CZ,BRL,17,1,0.28000,5.8824%,0.28,0.00,0.00000,0,0,0.0000%
10 de ago. de 2026 - 10 de ago. de 2026,lixeira inox sem tampa,"=""230543495581941""",campanha automatica geral DBA-o311/08,"=""306910018834945""",Campanha automatica geral DBA-o311/08,substitutes,TARGETING_EXPRESSION_PREDEFINED,264141269671834,Campanha automatica geral,L3060-A,BRL,1,1,0.79000,100.0000%,0.79,0.00,0.00000,0,0,0.0000%
2 de ago. de 2026 - 23 de ago. de 2026,lixeira inox 100 litros,"=""230543495581941""",campanha automatica geral DBA-o311/08,"=""306910018834945""",Campanha automatica geral DBA-o311/08,loose-match,TARGETING_EXPRESSION_PREDEFINED,264141269671834,Campanha automatica geral,P4080,BRL,16,1,0.84000,6.2500%,0.84,0.00,0.00000,0,0,0.0000%
2 de ago. de 2026 - 22 de ago. de 2026,lixeira redonda para pia de cozinha,"=""230543495581941""",campanha automatica geral DBA-o311/08,"=""306910018834945""",Campanha automatica geral DBA-o311/08,close-match,TARGETING_EXPRESSION_PREDEFINED,264141269671834,Campanha automatica geral,L1618-T,BRL,2,1,0.14000,50.0000%,0.14,0.00,0.00000,0,0,0.0000%
26 de jul. de 2026 - 23 de ago. de 2026,lata de lixo 40 litros inox,"=""230543495581941""",campanha automatica geral DBA-o311/08,"=""306910018834945""",Campanha automatica geral DBA-o311/08,loose-match,TARGETING_EXPRESSION_PREDEFINED,264141269671834,Campanha automatica geral,P3050ALC,BRL,8,1,0.77000,12.5000%,0.77,0.00,0.00000,0,0,0.0000%
27 de jul. de 2026 - 7 de ago. de 2026,lixeira inox grande,"=""139517395374433""",Campanha de Palavra-Chave- P4080-o116/07,"=""105959590738663""",Campanha de Palavra-Chave- P4080-o116/07,lixeira inox grande,PHRASE,178029480993742,campanha de palavra chave,P4080,BRL,11,1,1.16000,9.0909%,1.16,0.00,0.00000,0,0,0.0000%
26 de jul. de 2026 - 26 de jul. de 2026,lixeira automatica 8l,"=""230543495581941""",campanha automatica geral DBA-o311/08,"=""306910018834945""",Campanha automatica geral DBA-o311/08,substitutes,TARGETING_EXPRESSION_PREDEFINED,264141269671834,Campanha automatica geral,L1618-T,BRL,1,1,0.54000,100.0000%,0.54,0.00,0.00000,0,0,0.0000%
25 de jul. de 2026 - 23 de ago. de 2026,B0FX37Y1RR,"=""204200209630375""",Campanha de Produto Indicado- P3070-o228/07,"=""199631127286200""",Campanha de Produto Indicado- P3070-o228/07,"asin-expanded=""B0FX37Y1RR""",TARGETING_EXPRESSION,146788124202114,campanha de produto indicado,P3070,BRL,13,1,0.60000,7.6923%,0.60,0.00,0.00000,0,0,0.0000%
5 de ago. de 2026 - 23 de ago. de 2026,B0FS9BC1PR,"=""230543495581941""",campanha automatica geral DBA-o311/08,"=""306910018834945""",Campanha automatica geral DBA-o311/08,substitutes,TARGETING_EXPRESSION_PREDEFINED,264141269671834,Campanha automatica geral,L2030-A,BRL,5,1,0.79000,20.0000%,0.79,0.00,0.00000,0,0,0.0000%
6 de ago. de 2026 - 16 de ago. de 2026,lixeira basculante 20 litros,"=""230543495581941""",campanha automatica geral DBA-o311/08,"=""306910018834945""",Campanha automatica geral DBA-o311/08,substitutes,TARGETING_EXPRESSION_PREDEFINED,264141269671834,Campanha automatica geral,L2440-B,BRL,2,1,0.18000,50.0000%,0.18,0.00,0.00000,0,0,0.0000%
5 de ago. de 2026 - 10 de ago. de 2026,lixeira de inox para banheiro 5l brinox,"=""230543495581941""",campanha automatica geral DBA-o311/08,"=""306910018834945""",Campanha automatica geral DBA-o311/08,loose-match,TARGETING_EXPRESSION_PREDEFINED,264141269671834,Campanha automatica geral,L2025-T,BRL,2,1,0.72000,50.0000%,0.72,0.00,0.00000,0,0,0.0000%
25 de jul. de 2026 - 11 de ago. de 2026,cinzeiro de chão,"=""126822188430843""",Campanha de Produto Indicado- L2450--CZ-o103/07,"=""136759643121930""",Campanha de Produto Indicado- L2450--CZ-o103/07,"asin-expanded=""B07CBB47V4""",TARGETING_EXPRESSION,146788124202114,campanha de produto indicado,L2450--CZ,BRL,12,2,0.74000,16.6667%,1.48,0.00,0.00000,0,0,0.0000%
25 de jul. de 2026 - 25 de jul. de 2026,lixeira 50 litros inox,"=""6383857296458""",campanha automática individual- P3050-o102/07,"=""383083034260814""",campanha automática individual- P3050,complements,TARGETING_EXPRESSION_PREDEFINED,1383289894499,campanha automatica individual,P3050,BRL,1,1,1.25000,100.0000%,1.25,0.00,0.00000,0,0,0.0000%
2 de ago. de 2026 - 20 de ago. de 2026,lixeira banheiro inox 10l,"=""230543495581941""",campanha automatica geral DBA-o311/08,"=""306910018834945""",Campanha automatica geral DBA-o311/08,loose-match,TARGETING_EXPRESSION_PREDEFINED,264141269671834,Campanha automatica geral,P2030,BRL,3,1,0.80000,33.3333%,0.80,0.00,0.00000,0,0,0.0000%
11 de ago. de 2026 - 11 de ago. de 2026,lixeira 3 litros para pia de cozinha,"=""230543495581941""",campanha automatica geral DBA-o311/08,"=""306910018834945""",Campanha automatica geral DBA-o311/08,close-match,TARGETING_EXPRESSION_PREDEFINED,264141269671834,Campanha automatica geral,L1618-T,BRL,1,1,0.52000,100.0000%,0.52,0.00,0.00000,0,0,0.0000%
27 de jul. de 2026 - 9 de ago. de 2026,lixeira inox grande sem tampa,"=""230543495581941""",campanha automatica geral DBA-o311/08,"=""306910018834945""",Campanha automatica geral DBA-o311/08,loose-match,TARGETING_EXPRESSION_PREDEFINED,264141269671834,Campanha automatica geral,L2030,BRL,5,2,0.32000,40.0000%,0.64,0.00,0.00000,0,0,0.0000%
1 de ago. de 2026 - 17 de ago. de 2026,B0GR21DJC2,"=""204200209630375""",Campanha de Produto Indicado- P3070-o228/07,"=""199631127286200""",Campanha de Produto Indicado- P3070-o228/07,"asin-expanded=""B0BKRC75MM""",TARGETING_EXPRESSION,146788124202114,campanha de produto indicado,P3070,BRL,4,1,1.10000,25.0000%,1.10,0.00,0.00000,0,0,0.0000%
25 de jul. de 2026 - 23 de ago. de 2026,lixeira banheiro basculante,"=""230543495581941""",campanha automatica geral DBA-o311/08,"=""306910018834945""",Campanha automatica geral DBA-o311/08,loose-match,TARGETING_EXPRESSION_PREDEFINED,264141269671834,Campanha automatica geral,L2425-B,BRL,23,1,1.07000,4.3478%,1.07,0.00,0.00000,0,0,0.0000%
18 de ago. de 2026 - 21 de ago. de 2026,lixeira de cozinha de embutir 17cm,"=""230543495581941""",campanha automatica geral DBA-o311/08,"=""306910018834945""",Campanha automatica geral DBA-o311/08,loose-match,TARGETING_EXPRESSION_PREDEFINED,264141269671834,Campanha automatica geral,EMB-03P,BRL,2,2,0.56500,100.0000%,1.13,0.00,0.00000,0,0,0.0000%
25 de jul. de 2026 - 25 de jul. de 2026,lixeira toda em inox branca 3 litros,"=""230543495581941""",campanha automatica geral DBA-o311/08,"=""306910018834945""",Campanha automatica geral DBA-o311/08,loose-match,TARGETING_EXPRESSION_PREDEFINED,264141269671834,Campanha automatica geral,L1618-T,BRL,1,1,0.80000,100.0000%,0.80,0.00,0.00000,0,0,0.0000%
4 de ago. de 2026 - 17 de ago. de 2026,B0F89DR995,"=""204200209630375""",Campanha de Produto Indicado- P3070-o228/07,"=""199631127286200""",Campanha de Produto Indicado- P3070-o228/07,"asin-expanded=""B0FVHGF364""",TARGETING_EXPRESSION,146788124202114,campanha de produto indicado,P3070,BRL,6,1,1.10000,16.6667%,1.10,0.00,0.00000,0,0,0.0000%
11 de ago. de 2026 - 11 de ago. de 2026,lixeira inox com pedal 65,"=""19556674217425""",Campanha de Palavra-Chave- P3070-o116/07,"=""193722055453991""",Campanha de Palavra-Chave- P3070-o116/07,lixeira inox com pedal,PHRASE,178029480993742,campanha de palavra chave,P3070,BRL,1,1,1.99000,100.0000%,1.99,0.00,0.00000,0,0,0.0000%
25 de jul. de 2026 - 23 de ago. de 2026,porta pilhas,"=""230543495581941""",campanha automatica geral DBA-o311/08,"=""306910018834945""",Campanha automatica geral DBA-o311/08,substitutes,TARGETING_EXPRESSION_PREDEFINED,264141269671834,Campanha automatica geral,L2460-CP,BRL,38,1,1.07000,2.6316%,1.07,0.00,0.00000,0,0,0.0000%
31 de jul. de 2026 - 31 de jul. de 2026,B0GQ4LJ3DF,"=""204200209630375""",Campanha de Produto Indicado- P3070-o228/07,"=""199631127286200""",Campanha de Produto Indicado- P3070-o228/07,"asin-expanded=""B0GR21DJC2""",TARGETING_EXPRESSION,146788124202114,campanha de produto indicado,P3070,BRL,1,1,1.10000,100.0000%,1.10,0.00,0.00000,0,0,0.0000%
14 de ago. de 2026 - 17 de ago. de 2026,lixeira aco inox,"=""230543495581941""",campanha automatica geral DBA-o311/08,"=""306910018834945""",Campanha automatica geral DBA-o311/08,close-match,TARGETING_EXPRESSION_PREDEFINED,264141269671834,Campanha automatica geral,L1623-T,BRL,2,1,0.64000,50.0000%,0.64,0.00,0.00000,0,0,0.0000%
17 de ago. de 2026 - 17 de ago. de 2026,lixo de banheiro balde sem tampa,"=""230543495581941""",campanha automatica geral DBA-o311/08,"=""306910018834945""",Campanha automatica geral DBA-o311/08,loose-match,TARGETING_EXPRESSION_PREDEFINED,264141269671834,Campanha automatica geral,L2030,BRL,2,1,0.84000,50.0000%,0.84,0.00,0.00000,0,0,0.0000%
1 de ago. de 2026 - 6 de ago. de 2026,lixeira inox para pia de cozinha,"=""230543495581941""",campanha automatica geral DBA-o311/08,"=""306910018834945""",Campanha automatica geral DBA-o311/08,loose-match,TARGETING_EXPRESSION_PREDEFINED,264141269671834,Campanha automatica geral,L2025-T,BRL,3,1,0.80000,33.3333%,0.80,132.90,166.12500,1,1,100.0000%
11 de ago. de 2026 - 23 de ago. de 2026,B076JKNX9Q,"=""230543495581941""",campanha automatica geral DBA-o311/08,"=""306910018834945""",Campanha automatica geral DBA-o311/08,substitutes,TARGETING_EXPRESSION_PREDEFINED,264141269671834,Campanha automatica geral,L1618-T,BRL,28,1,0.35000,3.5714%,0.35,0.00,0.00000,0,0,0.0000%
5 de ago. de 2026 - 5 de ago. de 2026,lixo 50l,"=""230543495581941""",campanha automatica geral DBA-o311/08,"=""306910018834945""",Campanha automatica geral DBA-o311/08,substitutes,TARGETING_EXPRESSION_PREDEFINED,264141269671834,Campanha automatica geral,L3085-B,BRL,1,1,0.80000,100.0000%,0.80,0.00,0.00000,0,0,0.0000%
2 de ago. de 2026 - 2 de ago. de 2026,lixeira quadrada aco inox banheiro,"=""230543495581941""",campanha automatica geral DBA-o311/08,"=""306910018834945""",Campanha automatica geral DBA-o311/08,close-match,TARGETING_EXPRESSION_PREDEFINED,264141269671834,Campanha automatica geral,Q2430-A,BRL,1,1,0.15000,100.0000%,0.15,0.00,0.00000,0,0,0.0000%
15 de ago. de 2026 - 15 de ago. de 2026,lixeira aco inox pia,"=""230543495581941""",campanha automatica geral DBA-o311/08,"=""306910018834945""",Campanha automatica geral DBA-o311/08,loose-match,TARGETING_EXPRESSION_PREDEFINED,264141269671834,Campanha automatica geral,L1618-B,BRL,1,1,0.47000,100.0000%,0.47,0.00,0.00000,0,0,0.0000%
11 de ago. de 2026 - 23 de ago. de 2026,lixeira basculante 50 litros,"=""51867061249884""",Campanha Manual Palavra-Chave L3070-B,"=""37073533131431""",Campanha Manual Palavra-Chave L3070-B,lixeira basculante 50 litros,EXACT,99873185432506,Campanhas Manuais Claude,L3070-B,BRL,65,3,0.80000,4.6154%,2.40,0.00,0.00000,0,0,0.0000%
25 de jul. de 2026 - 25 de jul. de 2026,lixeira inox pedal brinox retangular,"=""113980823359011""",Campanha de Palavra-Chave- P3050-o116/07,"=""102406068413906""",Campanha de Palavra-Chave- P3050-o116/07,lixeira inox com pedal,PHRASE,178029480993742,campanha de palavra chave,P3050,BRL,2,1,1.29000,50.0000%,1.29,0.00,0.00000,0,0,0.0000%
20 de ago. de 2026 - 20 de ago. de 2026,lixeira inox 40 litros com aro sem tampa brinox,"=""230543495581941""",campanha automatica geral DBA-o311/08,"=""306910018834945""",Campanha automatica geral DBA-o311/08,loose-match,TARGETING_EXPRESSION_PREDEFINED,264141269671834,Campanha automatica geral,L3060-A,BRL,3,1,0.33000,33.3333%,0.33,0.00,0.00000,0,0,0.0000%
25 de jul. de 2026 - 28 de jul. de 2026,lixeira inox,"=""246652946970837""",campanha automática individual- L2470-B-o115/07,"=""334383283177829""",campanha automática individual- L2470-B-o115/07,close-match,TARGETING_EXPRESSION_PREDEFINED,1383289894499,campanha automatica individual,L2470-B,BRL,97,1,0.44000,1.0309%,0.44,0.00,0.00000,0,0,0.0000%
29 de jul. de 2026 - 3 de ago. de 2026,B07WV67WSV,"=""191419563474871""",Campanha de Produto Indicado- SP-01-o228/07,"=""123420307712623""",Campanha de Produto Indicado- SP-01-o228/07,"asin-expanded=""B07WV67WSV""",TARGETING_EXPRESSION,146788124202114,campanha de produto indicado,SP-01,BRL,4,1,0.75000,25.0000%,0.75,0.00,0.00000,0,0,0.0000%
16 de ago. de 2026 - 23 de ago. de 2026,lixo inox 50l,"=""230543495581941""",campanha automatica geral DBA-o311/08,"=""306910018834945""",Campanha automatica geral DBA-o311/08,loose-match,TARGETING_EXPRESSION_PREDEFINED,264141269671834,Campanha automatica geral,P3060,BRL,5,1,1.07000,20.0000%,1.07,0.00,0.00000,0,0,0.0000%
4 de ago. de 2026 - 23 de ago. de 2026,lixeira de cozinha grande 100 litros inox,"=""230543495581941""",campanha automatica geral DBA-o311/08,"=""306910018834945""",Campanha automatica geral DBA-o311/08,loose-match,TARGETING_EXPRESSION_PREDEFINED,264141269671834,Campanha automatica geral,P4080,BRL,6,1,0.96000,16.6667%,0.96,0.00,0.00000,0,0,0.0000%
28 de jul. de 2026 - 23 de ago. de 2026,B0DFX6CBZ6,"=""39066415309857""",Campanha de Produto Indicado- PXP-o103/07,"=""107384110271466""",Campanha de Produto Indicado- PXP-o103/07,"asin-expanded=""B0DFX6CBZ6""",TARGETING_EXPRESSION,146788124202114,campanha de produto indicado,PXP,BRL,21,1,0.77000,4.7619%,0.77,0.00,0.00000,0,0,0.0000%
9 de ago. de 2026 - 9 de ago. de 2026,lixeira de inox pia,"=""230543495581941""",campanha automatica geral DBA-o311/08,"=""306910018834945""",Campanha automatica geral DBA-o311/08,close-match,TARGETING_EXPRESSION_PREDEFINED,264141269671834,Campanha automatica geral,L1618-T,BRL,1,1,0.66000,100.0000%,0.66,0.00,0.00000,0,0,0.0000%
6 de ago. de 2026 - 6 de ago. de 2026,B0GR21DJC2,"=""51280467188765""",Campanha de Produto Indicado- L2030-B-o311/08,"=""39531632646033""",Campanha de Produto Indicado- L2030-B-o311/08,"asin-expanded=""B0GXP7R9GT""",TARGETING_EXPRESSION,146788124202114,campanha de produto indicado,L2030-B,BRL,1,1,0.79000,100.0000%,0.79,0.00,0.00000,0,0,0.0000%
30 de jul. de 2026 - 16 de ago. de 2026,B0FFSC2QNQ,"=""230543495581941""",campanha automatica geral DBA-o311/08,"=""306910018834945""",Campanha automatica geral DBA-o311/08,substitutes,TARGETING_EXPRESSION_PREDEFINED,264141269671834,Campanha automatica geral,L2030-B,BRL,11,1,0.17000,9.0909%,0.17,0.00,0.00000,0,0,0.0000%
25 de jul. de 2026 - 28 de jul. de 2026,lixeira inox,"=""6383857296458""",campanha automática individual- P3050-o102/07,"=""383083034260814""",campanha automática individual- P3050,substitutes,TARGETING_EXPRESSION_PREDEFINED,1383289894499,campanha automatica individual,P3050,BRL,3,1,1.38000,33.3333%,1.38,0.00,0.00000,0,0,0.0000%
25 de jul. de 2026 - 29 de jul. de 2026,B0H5CYQBP5,"=""6383857296458""",campanha automática individual- P3050-o102/07,"=""383083034260814""",campanha automática individual- P3050,substitutes,TARGETING_EXPRESSION_PREDEFINED,1383289894499,campanha automatica individual,P3050,BRL,12,1,0.50000,8.3333%,0.50,0.00,0.00000,0,0,0.0000%
25 de jul. de 2026 - 23 de ago. de 2026,porta guarda chuva de chão,"=""230543495581941""",campanha automatica geral DBA-o311/08,"=""306910018834945""",Campanha automatica geral DBA-o311/08,loose-match,TARGETING_EXPRESSION_PREDEFINED,264141269671834,Campanha automatica geral,PG2470,BRL,61,1,0.65000,1.6393%,0.65,0.00,0.00000,0,0,0.0000%
25 de jul. de 2026 - 11 de ago. de 2026,lixeira basculante 30 litros,"=""185052434192545""",Campanha de Palavra-Chave- L2470-B-o116/07,"=""273932503994383""",Campanha de Palavra-Chave- L2470-B-o116/07,lixeira basculante 30 litros,EXACT,178029480993742,campanha de palavra chave,L2470-B,BRL,13,1,0.31000,7.6923%,0.31,0.00,0.00000,0,0,0.0000%
29 de jul. de 2026 - 8 de ago. de 2026,lixeira inox grande,"=""139517395374433""",Campanha de Palavra-Chave- P4080-o116/07,"=""105959590738663""",Campanha de Palavra-Chave- P4080-o116/07,lixeira inox grande,EXACT,178029480993742,campanha de palavra chave,P4080,BRL,7,1,2.27000,14.2857%,2.27,0.00,0.00000,0,0,0.0000%
6 de ago. de 2026 - 6 de ago. de 2026,lixeira inox cozinha 60l,"=""19556674217425""",Campanha de Palavra-Chave- P3070-o116/07,"=""193722055453991""",Campanha de Palavra-Chave- P3070-o116/07,lixeira inox para cozinha,PHRASE,178029480993742,campanha de palavra chave,P3070,BRL,4,1,0.76000,25.0000%,0.76,0.00,0.00000,0,0,0.0000%
14 de ago. de 2026 - 23 de ago. de 2026,lixeira inox pia cozinha,"=""108804692555847""",Campanha de Palavra-Chave Lixeiras banheiro,"=""28534619762262""",Campanha de Palavra-Chave Lixeiras banheiro,lixeira inox para pia de cozinha,EXACT,99873185432506,Campanhas Manuais Claude,L2030-B,BRL,7,1,1.49000,14.2857%,1.49,0.00,0.00000,0,0,0.0000%
19 de ago. de 2026 - 19 de ago. de 2026,lixeira pequena para pia de cozinha inox,"=""230543495581941""",campanha automatica geral DBA-o311/08,"=""306910018834945""",Campanha automatica geral DBA-o311/08,loose-match,TARGETING_EXPRESSION_PREDEFINED,264141269671834,Campanha automatica geral,L2025-T,BRL,1,1,0.47000,100.0000%,0.47,0.00,0.00000,0,0,0.0000%
26 de jul. de 2026 - 23 de ago. de 2026,B0BHMZBZW9,"=""204200209630375""",Campanha de Produto Indicado- P3070-o228/07,"=""199631127286200""",Campanha de Produto Indicado- P3070-o228/07,"asin-expanded=""B0BHMZBZW9""",TARGETING_EXPRESSION,146788124202114,campanha de produto indicado,P3070,BRL,120,2,0.90000,1.6667%,1.80,0.00,0.00000,0,0,0.0000%
8 de ago. de 2026 - 8 de ago. de 2026,B07RB2HXXG,"=""230543495581941""",campanha automatica geral DBA-o311/08,"=""306910018834945""",Campanha automatica geral DBA-o311/08,substitutes,TARGETING_EXPRESSION_PREDEFINED,264141269671834,Campanha automatica geral,P2440,BRL,1,1,0.80000,100.0000%,0.80,0.00,0.00000,0,0,0.0000%
25 de jul. de 2026 - 10 de ago. de 2026,lixeira com pedal 50 litros,"=""123525465502040""",campanha de palavra chave- P3060-o116/07,"=""49233190069824""",campanha de palavra chave- P3060-o116/07,lixeira com pedal 50 litros,EXACT,178029480993742,campanha de palavra chave,P3060,BRL,117,1,2.52000,0.8547%,2.52,0.00,0.00000,0,0,0.0000%
28 de jul. de 2026 - 28 de jul. de 2026,B07FL8M7PZ,"=""253216233355680""",Campanha de Produto Indicado- L2450-AML-o103/07,"=""247012709725757""",Campanha de Produto Indicado- L2450-AML-o103/07,"asin-expanded=""B0778TD2LY""",TARGETING_EXPRESSION,146788124202114,campanha de produto indicado,L2450-AML,BRL,2,1,0.56000,50.0000%,0.56,0.00,0.00000,0,0,0.0000%
15 de ago. de 2026 - 23 de ago. de 2026,B0GZLR5TKB,"=""204200209630375""",Campanha de Produto Indicado- P3070-o228/07,"=""199631127286200""",Campanha de Produto Indicado- P3070-o228/07,"asin-expanded=""B0CGC2B7P8""",TARGETING_EXPRESSION,146788124202114,campanha de produto indicado,P3070,BRL,26,1,1.09000,3.8462%,1.09,0.00,0.00000,0,0,0.0000%
14 de ago. de 2026 - 19 de ago. de 2026,lixeira basculante 50l,"=""230543495581941""",campanha automatica geral DBA-o311/08,"=""306910018834945""",Campanha automatica geral DBA-o311/08,loose-match,TARGETING_EXPRESSION_PREDEFINED,264141269671834,Campanha automatica geral,L3070-B,BRL,9,1,0.66000,11.1111%,0.66,0.00,0.00000,0,0,0.0000%
19 de ago. de 2026 - 19 de ago. de 2026,coletor de pilhas usadas,"=""230543495581941""",campanha automatica geral DBA-o311/08,"=""306910018834945""",Campanha automatica geral DBA-o311/08,close-match,TARGETING_EXPRESSION_PREDEFINED,264141269671834,Campanha automatica geral,L2460-CP,BRL,1,1,0.10000,100.0000%,0.10,335.68,3356.80000,1,1,100.0000%
12 de ago. de 2026 - 23 de ago. de 2026,B0BHXCJD1P,"=""78244851008766""",Campanha automática individual EGC,"=""394021670034987""",Campanha automática individual EGC,substitutes,TARGETING_EXPRESSION_PREDEFINED,1383289894499,campanha automatica individual,EGC,BRL,89,2,0.55500,2.2472%,1.11,0.00,0.00000,0,0,0.0000%
8 de ago. de 2026 - 13 de ago. de 2026,lixeira banheiro inox,"=""230543495581941""",campanha automatica geral DBA-o311/08,"=""306910018834945""",Campanha automatica geral DBA-o311/08,loose-match,TARGETING_EXPRESSION_PREDEFINED,264141269671834,Campanha automatica geral,L1618-T,BRL,7,1,0.35000,14.2857%,0.35,0.00,0.00000,0,0,0.0000%
17 de ago. de 2026 - 17 de ago. de 2026,lixeira inox 2l,"=""230543495581941""",campanha automatica geral DBA-o311/08,"=""306910018834945""",Campanha automatica geral DBA-o311/08,loose-match,TARGETING_EXPRESSION_PREDEFINED,264141269671834,Campanha automatica geral,L1618-B,BRL,1,1,0.55000,100.0000%,0.55,0.00,0.00000,0,0,0.0000%
28 de jul. de 2026 - 20 de ago. de 2026,lixeira inox 50l,"=""54057381293334""",campanha de produto indicado-P3060-o115/07,"=""162752730016997""",campanha de produto indicado-P3060-o115/07,"asin-expanded=""B07TXWL7SJ""",TARGETING_EXPRESSION,146788124202114,campanha de produto indicado,P3060,BRL,55,2,0.85500,3.6364%,1.71,0.00,0.00000,0,0,0.0000%
25 de jul. de 2026 - 23 de ago. de 2026,lixeira de 30 litros,"=""230543495581941""",campanha automatica geral DBA-o311/08,"=""306910018834945""",Campanha automatica geral DBA-o311/08,loose-match,TARGETING_EXPRESSION_PREDEFINED,264141269671834,Campanha automatica geral,Q2460-B,BRL,4,1,0.52000,25.0000%,0.52,0.00,0.00000,0,0,0.0000%
17 de ago. de 2026 - 17 de ago. de 2026,lixeira tramontina 50l,"=""230543495581941""",campanha automatica geral DBA-o311/08,"=""306910018834945""",Campanha automatica geral DBA-o311/08,substitutes,TARGETING_EXPRESSION_PREDEFINED,264141269671834,Campanha automatica geral,Q2460-B,BRL,1,1,0.42000,100.0000%,0.42,0.00,0.00000,0,0,0.0000%
1 de ago. de 2026 - 22 de ago. de 2026,lixeira 100 litros com pedal tramontina,"=""230543495581941""",campanha automatica geral DBA-o311/08,"=""306910018834945""",Campanha automatica geral DBA-o311/08,loose-match,TARGETING_EXPRESSION_PREDEFINED,264141269671834,Campanha automatica geral,P4080ALC,BRL,4,1,0.80000,25.0000%,0.80,0.00,0.00000,0,0,0.0000%
11 de ago. de 2026 - 14 de ago. de 2026,B0H4N4MBCJ,"=""204200209630375""",Campanha de Produto Indicado- P3070-o228/07,"=""199631127286200""",Campanha de Produto Indicado- P3070-o228/07,"asin-expanded=""B0CXTMVC73""",TARGETING_EXPRESSION,146788124202114,campanha de produto indicado,P3070,BRL,3,1,1.00000,33.3333%,1.00,0.00,0.00000,0,0,0.0000%
3 de ago. de 2026 - 23 de ago. de 2026,B0CTMZHJFJ,"=""204200209630375""",Campanha de Produto Indicado- P3070-o228/07,"=""199631127286200""",Campanha de Produto Indicado- P3070-o228/07,"asin-expanded=""B0CTMZHJFJ""",TARGETING_EXPRESSION,146788124202114,campanha de produto indicado,P3070,BRL,15,1,1.17000,6.6667%,1.17,0.00,0.00000,0,0,0.0000%
30 de jul. de 2026 - 23 de ago. de 2026,B0BHMZBZW9,"=""230543495581941""",campanha automatica geral DBA-o311/08,"=""306910018834945""",Campanha automatica geral DBA-o311/08,substitutes,TARGETING_EXPRESSION_PREDEFINED,264141269671834,Campanha automatica geral,P3050,BRL,181,1,0.27000,0.5525%,0.27,0.00,0.00000,0,0,0.0000%
22 de ago. de 2026 - 22 de ago. de 2026,lixeira teamontinacaco escovado 30l,"=""230543495581941""",campanha automatica geral DBA-o311/08,"=""306910018834945""",Campanha automatica geral DBA-o311/08,loose-match,TARGETING_EXPRESSION_PREDEFINED,264141269671834,Campanha automatica geral,Q2460-B,BRL,2,1,0.71000,50.0000%,0.71,0.00,0.00000,0,0,0.0000%
31 de jul. de 2026 - 31 de jul. de 2026,lixeira branca com tampa que esconde o saco para banheiro simples de 10litros,"=""230543495581941""",campanha automatica geral DBA-o311/08,"=""306910018834945""",Campanha automatica geral DBA-o311/08,loose-match,TARGETING_EXPRESSION_PREDEFINED,264141269671834,Campanha automatica geral,L2025-T,BRL,1,1,0.24000,100.0000%,0.24,0.00,0.00000,0,0,0.0000%
3 de ago. de 2026 - 11 de ago. de 2026,lixeira inox grande,"=""230543495581941""",campanha automatica geral DBA-o311/08,"=""306910018834945""",Campanha automatica geral DBA-o311/08,loose-match,TARGETING_EXPRESSION_PREDEFINED,264141269671834,Campanha automatica geral,P3050,BRL,2,1,0.71000,50.0000%,0.71,0.00,0.00000,0,0,0.0000%
25 de jul. de 2026 - 23 de ago. de 2026,B0CYP61RH2,"=""230543495581941""",campanha automatica geral DBA-o311/08,"=""306910018834945""",Campanha automatica geral DBA-o311/08,substitutes,TARGETING_EXPRESSION_PREDEFINED,264141269671834,Campanha automatica geral,L1618-T,BRL,21,2,0.80000,9.5238%,1.60,0.00,0.00000,0,0,0.0000%
30 de jul. de 2026 - 23 de ago. de 2026,B0CYWMQ93Y,"=""204200209630375""",Campanha de Produto Indicado- P3070-o228/07,"=""199631127286200""",Campanha de Produto Indicado- P3070-o228/07,"asin=""B0CYWMQ93Y""",TARGETING_EXPRESSION,146788124202114,campanha de produto indicado,P3070,BRL,88,2,1.13500,2.2727%,2.27,0.00,0.00000,0,0,0.0000%
29 de jul. de 2026 - 23 de ago. de 2026,B0CFGBGQLW,"=""230543495581941""",campanha automatica geral DBA-o311/08,"=""306910018834945""",Campanha automatica geral DBA-o311/08,substitutes,TARGETING_EXPRESSION_PREDEFINED,264141269671834,Campanha automatica geral,P4080,BRL,36,1,0.10000,2.7778%,0.10,0.00,0.00000,0,0,0.0000%
12 de ago. de 2026 - 12 de ago. de 2026,lixeira cromada para banheiro com tampa 5 litros,"=""230543495581941""",campanha automatica geral DBA-o311/08,"=""306910018834945""",Campanha automatica geral DBA-o311/08,loose-match,TARGETING_EXPRESSION_PREDEFINED,264141269671834,Campanha automatica geral,L2025-T,BRL,1,1,0.65000,100.0000%,0.65,132.90,204.46154,1,1,100.0000%
10 de ago. de 2026 - 22 de ago. de 2026,lixeira basculante 50 litros,"=""230543495581941""",campanha automatica geral DBA-o311/08,"=""306910018834945""",Campanha automatica geral DBA-o311/08,loose-match,TARGETING_EXPRESSION_PREDEFINED,264141269671834,Campanha automatica geral,Q2460-B,BRL,4,1,0.44000,25.0000%,0.44,0.00,0.00000,0,0,0.0000%
20 de ago. de 2026 - 23 de ago. de 2026,relogio digital de parede,"=""234950194216241""",campanha automática individual- SP-PP-o116/07,"=""559914515436204""",campanha automática individual- SP-PP16/07,substitutes,TARGETING_EXPRESSION_PREDEFINED,1383289894499,campanha automatica individual,SP-PP,BRL,60,1,1.13000,1.6667%,1.13,0.00,0.00000,0,0,0.0000%
9 de ago. de 2026 - 18 de ago. de 2026,lixo inox grande,"=""230543495581941""",campanha automatica geral DBA-o311/08,"=""306910018834945""",Campanha automatica geral DBA-o311/08,loose-match,TARGETING_EXPRESSION_PREDEFINED,264141269671834,Campanha automatica geral,P3060,BRL,2,1,0.80000,50.0000%,0.80,0.00,0.00000,0,0,0.0000%
6 de ago. de 2026 - 6 de ago. de 2026,B076MKP2XJ,"=""230543495581941""",campanha automatica geral DBA-o311/08,"=""306910018834945""",Campanha automatica geral DBA-o311/08,substitutes,TARGETING_EXPRESSION_PREDEFINED,264141269671834,Campanha automatica geral,L2440-A,BRL,1,1,0.73000,100.0000%,0.73,0.00,0.00000,0,0,0.0000%
30 de jul. de 2026 - 23 de ago. de 2026,lixeira banheiro inox 5l,"=""230543495581941""",campanha automatica geral DBA-o311/08,"=""306910018834945""",Campanha automatica geral DBA-o311/08,loose-match,TARGETING_EXPRESSION_PREDEFINED,264141269671834,Campanha automatica geral,L2025-T,BRL,9,1,0.79000,11.1111%,0.79,0.00,0.00000,0,0,0.0000%
28 de jul. de 2026 - 28 de jul. de 2026,B0H63FKGPJ,"=""246652946970837""",campanha automática individual- L2470-B-o115/07,"=""334383283177829""",campanha automática individual- L2470-B-o115/07,complements,TARGETING_EXPRESSION_PREDEFINED,1383289894499,campanha automatica individual,L2470-B,BRL,3,1,0.90000,33.3333%,0.90,0.00,0.00000,0,0,0.0000%
7 de ago. de 2026 - 7 de ago. de 2026,lixeira cozinha redonda,"=""230543495581941""",campanha automatica geral DBA-o311/08,"=""306910018834945""",Campanha automatica geral DBA-o311/08,close-match,TARGETING_EXPRESSION_PREDEFINED,264141269671834,Campanha automatica geral,L1623-B,BRL,1,1,0.58000,100.0000%,0.58,0.00,0.00000,0,0,0.0000%
18 de ago. de 2026 - 18 de ago. de 2026,lata de lixo inox banheiro,"=""230543495581941""",campanha automatica geral DBA-o311/08,"=""306910018834945""",Campanha automatica geral DBA-o311/08,loose-match,TARGETING_EXPRESSION_PREDEFINED,264141269671834,Campanha automatica geral,L1623-T,BRL,2,1,0.56000,50.0000%,0.56,0.00,0.00000,0,0,0.0000%
2 de ago. de 2026 - 2 de ago. de 2026,B0F5YZS2WM,"=""3262494915796""",Campanha de Produto Indicado- P3050-o228/07,"=""113839187289861""",Campanha de Produto Indicado- P3050-o228/07,"asin-expanded=""B0C5N9HQJM""",TARGETING_EXPRESSION,146788124202114,campanha de produto indicado,P3050,BRL,1,1,0.55000,100.0000%,0.55,0.00,0.00000,0,0,0.0000%
14 de ago. de 2026 - 23 de ago. de 2026,lixeira cozinha pia inox,"=""230543495581941""",campanha automatica geral DBA-o311/08,"=""306910018834945""",Campanha automatica geral DBA-o311/08,substitutes,TARGETING_EXPRESSION_PREDEFINED,264141269671834,Campanha automatica geral,L1618-T,BRL,2,1,0.80000,50.0000%,0.80,0.00,0.00000,0,0,0.0000%
13 de ago. de 2026 - 13 de ago. de 2026,lixeira cilindrica,"=""230543495581941""",campanha automatica geral DBA-o311/08,"=""306910018834945""",Campanha automatica geral DBA-o311/08,close-match,TARGETING_EXPRESSION_PREDEFINED,264141269671834,Campanha automatica geral,P4080,BRL,1,1,0.46000,100.0000%,0.46,0.00,0.00000,0,0,0.0000%
4 de ago. de 2026 - 19 de ago. de 2026,lixeira 100l com pedal,"=""230543495581941""",campanha automatica geral DBA-o311/08,"=""306910018834945""",Campanha automatica geral DBA-o311/08,loose-match,TARGETING_EXPRESSION_PREDEFINED,264141269671834,Campanha automatica geral,P4080,BRL,5,1,0.10000,20.0000%,0.10,0.00,0.00000,0,0,0.0000%
27 de jul. de 2026 - 9 de ago. de 2026,lixeira 50 litros basculante,"=""230543495581941""",campanha automatica geral DBA-o311/08,"=""306910018834945""",Campanha automatica geral DBA-o311/08,loose-match,TARGETING_EXPRESSION_PREDEFINED,264141269671834,Campanha automatica geral,L3070-B,BRL,13,2,0.71500,15.3846%,1.43,543.85,380.31469,1,1,50.0000%
13 de ago. de 2026 - 13 de ago. de 2026,lixeira pedal 100 litros,"=""230543495581941""",campanha automatica geral DBA-o311/08,"=""306910018834945""",Campanha automatica geral DBA-o311/08,loose-match,TARGETING_EXPRESSION_PREDEFINED,264141269671834,Campanha automatica geral,P4080,BRL,1,1,0.79000,100.0000%,0.79,0.00,0.00000,0,0,0.0000%
6 de ago. de 2026 - 6 de ago. de 2026,7 litros lixeira banheiro 7 litros,"=""230543495581941""",campanha automatica geral DBA-o311/08,"=""306910018834945""",Campanha automatica geral DBA-o311/08,close-match,TARGETING_EXPRESSION_PREDEFINED,264141269671834,Campanha automatica geral,L2025-T,BRL,1,1,0.67000,100.0000%,0.67,265.80,396.71642,1,2,100.0000%
15 de ago. de 2026 - 15 de ago. de 2026,B0B88TCHL5,"=""230543495581941""",campanha automatica geral DBA-o311/08,"=""306910018834945""",Campanha automatica geral DBA-o311/08,substitutes,TARGETING_EXPRESSION_PREDEFINED,264141269671834,Campanha automatica geral,L2030-T,BRL,1,1,0.26000,100.0000%,0.26,0.00,0.00000,0,0,0.0000%
20 de ago. de 2026 - 22 de ago. de 2026,adega parede,"=""234950194216241""",campanha automática individual- SP-PP-o116/07,"=""559914515436204""",campanha automática individual- SP-PP16/07,substitutes,TARGETING_EXPRESSION_PREDEFINED,1383289894499,campanha automatica individual,SP-PP,BRL,5,1,0.81000,20.0000%,0.81,0.00,0.00000,0,0,0.0000%
4 de ago. de 2026 - 14 de ago. de 2026,lixeira basculante 50 litros,"=""230543495581941""",campanha automatica geral DBA-o311/08,"=""306910018834945""",Campanha automatica geral DBA-o311/08,substitutes,TARGETING_EXPRESSION_PREDEFINED,264141269671834,Campanha automatica geral,Q3060-B,BRL,4,1,0.10000,25.0000%,0.10,0.00,0.00000,0,0,0.0000%
25 de jul. de 2026 - 23 de ago. de 2026,porta guarda chuva,"=""230543495581941""",campanha automatica geral DBA-o311/08,"=""306910018834945""",Campanha automatica geral DBA-o311/08,loose-match,TARGETING_EXPRESSION_PREDEFINED,264141269671834,Campanha automatica geral,PG2470,BRL,383,1,0.73000,0.2611%,0.73,0.00,0.00000,0,0,0.0000%
3 de ago. de 2026 - 3 de ago. de 2026,B0FCSTJMVQ,"=""51280467188765""",Campanha de Produto Indicado- L2030-B-o311/08,"=""39531632646033""",Campanha de Produto Indicado- L2030-B-o311/08,"asin-expanded=""B08QD2J6VW""",TARGETING_EXPRESSION,146788124202114,campanha de produto indicado,L2030-B,BRL,2,1,0.52000,50.0000%,0.52,0.00,0.00000,0,0,0.0000%
30 de jul. de 2026 - 6 de ago. de 2026,lixeira basculante tramontina,"=""230543495581941""",campanha automatica geral DBA-o311/08,"=""306910018834945""",Campanha automatica geral DBA-o311/08,loose-match,TARGETING_EXPRESSION_PREDEFINED,264141269671834,Campanha automatica geral,L2025-B,BRL,2,1,0.71000,50.0000%,0.71,0.00,0.00000,0,0,0.0000%
23 de ago. de 2026 - 23 de ago. de 2026,lixeira cozinha abre em cima 12 litros,"=""230543495581941""",campanha automatica geral DBA-o311/08,"=""306910018834945""",Campanha automatica geral DBA-o311/08,loose-match,TARGETING_EXPRESSION_PREDEFINED,264141269671834,Campanha automatica geral,Q2460-B,BRL,1,1,0.55000,100.0000%,0.55,0.00,0.00000,0,0,0.0000%
14 de ago. de 2026 - 16 de ago. de 2026,lixeira 50 litros pedal,"=""54057381293334""",campanha de produto indicado-P3060-o115/07,"=""162752730016997""",campanha de produto indicado-P3060-o115/07,"asin-expanded=""B0CZ4DFCMW""",TARGETING_EXPRESSION,146788124202114,campanha de produto indicado,P3060,BRL,3,1,0.10000,33.3333%,0.10,0.00,0.00000,0,0,0.0000%
25 de jul. de 2026 - 28 de jul. de 2026,B0F4T8FCDD,"=""70230654464817""",Campanha de Produto Indicado- L2440-AML-o103/07,"=""202389980731948""",Campanha de Produto Indicado- L2440-AML-o103/07,"asin-expanded=""B0F4T8FCDD""",TARGETING_EXPRESSION,146788124202114,campanha de produto indicado,L2440-AML,BRL,34,1,0.87000,2.9412%,0.87,0.00,0.00000,0,0,0.0000%
13 de ago. de 2026 - 13 de ago. de 2026,lixeira basculante 10l inox,"=""230543495581941""",campanha automatica geral DBA-o311/08,"=""306910018834945""",Campanha automatica geral DBA-o311/08,loose-match,TARGETING_EXPRESSION_PREDEFINED,264141269671834,Campanha automatica geral,L2030-B,BRL,1,1,0.27000,100.0000%,0.27,0.00,0.00000,0,0,0.0000%
29 de jul. de 2026 - 23 de ago. de 2026,B0CFGBGQLW,"=""230543495581941""",campanha automatica geral DBA-o311/08,"=""306910018834945""",Campanha automatica geral DBA-o311/08,substitutes,TARGETING_EXPRESSION_PREDEFINED,264141269671834,Campanha automatica geral,P3070,BRL,37,1,0.80000,2.7027%,0.80,0.00,0.00000,0,0,0.0000%
19 de ago. de 2026 - 23 de ago. de 2026,varal retratil de parede,"=""234950194216241""",campanha automática individual- SP-PP-o116/07,"=""559914515436204""",campanha automática individual- SP-PP16/07,substitutes,TARGETING_EXPRESSION_PREDEFINED,1383289894499,campanha automatica individual,SP-PP,BRL,198,1,0.65000,0.5051%,0.65,0.00,0.00000,0,0,0.0000%
3 de ago. de 2026 - 3 de ago. de 2026,lixeira grande 50l inox,"=""230543495581941""",campanha automatica geral DBA-o311/08,"=""306910018834945""",Campanha automatica geral DBA-o311/08,substitutes,TARGETING_EXPRESSION_PREDEFINED,264141269671834,Campanha automatica geral,P3060,BRL,2,1,0.71000,50.0000%,0.71,0.00,0.00000,0,0,0.0000%
28 de jul. de 2026 - 23 de ago. de 2026,lixeira basculante 3 litros,"=""230543495581941""",campanha automatica geral DBA-o311/08,"=""306910018834945""",Campanha automatica geral DBA-o311/08,loose-match,TARGETING_EXPRESSION_PREDEFINED,264141269671834,Campanha automatica geral,L1618-B,BRL,10,1,1.00000,10.0000%,1.00,0.00,0.00000,0,0,0.0000%
25 de jul. de 2026 - 23 de ago. de 2026,cesto de lixo,"=""230543495581941""",campanha automatica geral DBA-o311/08,"=""306910018834945""",Campanha automatica geral DBA-o311/08,loose-match,TARGETING_EXPRESSION_PREDEFINED,264141269671834,Campanha automatica geral,L1618-A,BRL,7,1,0.58000,14.2857%,0.58,0.00,0.00000,0,0,0.0000%
25 de jul. de 2026 - 12 de ago. de 2026,B0BHXCJD1P,"=""230543495581941""",campanha automatica geral DBA-o311/08,"=""306910018834945""",Campanha automatica geral DBA-o311/08,substitutes,TARGETING_EXPRESSION_PREDEFINED,264141269671834,Campanha automatica geral,EGC,BRL,154,2,0.77000,1.2987%,1.54,0.00,0.00000,0,0,0.0000%
17 de ago. de 2026 - 17 de ago. de 2026,lixeira 45 litros,"=""230543495581941""",campanha automatica geral DBA-o311/08,"=""306910018834945""",Campanha automatica geral DBA-o311/08,loose-match,TARGETING_EXPRESSION_PREDEFINED,264141269671834,Campanha automatica geral,Q2460-B,BRL,1,1,0.44000,100.0000%,0.44,0.00,0.00000,0,0,0.0000%
10 de ago. de 2026 - 10 de ago. de 2026,suporte de solo extintor,"=""60867425277707""",campanha automática inidividual- PXP-o311/08,"=""374068040998928""",campanha automática inidividual- PXP-o311/08,loose-match,TARGETING_EXPRESSION_PREDEFINED,1383289894499,campanha automatica individual,PXP,BRL,2,1,0.77000,50.0000%,0.77,0.00,0.00000,0,0,0.0000%
5 de ago. de 2026 - 23 de ago. de 2026,lixeira grande,"=""230543495581941""",campanha automatica geral DBA-o311/08,"=""306910018834945""",Campanha automatica geral DBA-o311/08,loose-match,TARGETING_EXPRESSION_PREDEFINED,264141269671834,Campanha automatica geral,Q2460-B,BRL,21,1,0.26000,4.7619%,0.26,0.00,0.00000,0,0,0.0000%
17 de ago. de 2026 - 19 de ago. de 2026,lata de lixo banheiro,"=""230543495581941""",campanha automatica geral DBA-o311/08,"=""306910018834945""",Campanha automatica geral DBA-o311/08,substitutes,TARGETING_EXPRESSION_PREDEFINED,264141269671834,Campanha automatica geral,L2025-T,BRL,4,1,0.75000,25.0000%,0.75,0.00,0.00000,0,0,0.0000%
2 de ago. de 2026 - 23 de ago. de 2026,B0CYNX7FZY,"=""230543495581941""",campanha automatica geral DBA-o311/08,"=""306910018834945""",Campanha automatica geral DBA-o311/08,substitutes,TARGETING_EXPRESSION_PREDEFINED,264141269671834,Campanha automatica geral,L1618-T,BRL,16,1,0.80000,6.2500%,0.80,0.00,0.00000,0,0,0.0000%
25 de jul. de 2026 - 23 de ago. de 2026,lixeira basculante 20 litros,"=""230543495581941""",campanha automatica geral DBA-o311/08,"=""306910018834945""",Campanha automatica geral DBA-o311/08,loose-match,TARGETING_EXPRESSION_PREDEFINED,264141269671834,Campanha automatica geral,L2440-B,BRL,34,2,0.43500,5.8824%,0.87,0.00,0.00000,0,0,0.0000%
27 de jul. de 2026 - 14 de ago. de 2026,lixeira cozinha 15l,"=""230543495581941""",campanha automatica geral DBA-o311/08,"=""306910018834945""",Campanha automatica geral DBA-o311/08,loose-match,TARGETING_EXPRESSION_PREDEFINED,264141269671834,Campanha automatica geral,L2430-A,BRL,9,1,1.07000,11.1111%,1.07,0.00,0.00000,0,0,0.0000%
14 de ago. de 2026 - 14 de ago. de 2026,lixeira cozinha pia tampa,"=""230543495581941""",campanha automatica geral DBA-o311/08,"=""306910018834945""",Campanha automatica geral DBA-o311/08,close-match,TARGETING_EXPRESSION_PREDEFINED,264141269671834,Campanha automatica geral,L1618-T,BRL,5,1,0.68000,20.0000%,0.68,0.00,0.00000,0,0,0.0000%
30 de jul. de 2026 - 13 de ago. de 2026,lixeira profissional,"=""230543495581941""",campanha automatica geral DBA-o311/08,"=""306910018834945""",Campanha automatica geral DBA-o311/08,loose-match,TARGETING_EXPRESSION_PREDEFINED,264141269671834,Campanha automatica geral,P4050ALC,BRL,4,1,0.63000,25.0000%,0.63,0.00,0.00000,0,0,0.0000%
